captured_at,page_title,page_url,sample_index,possible_author,hashtags,metrics,body_text,links,notes
"2026-05-08T15:49:25.775Z","@独行侠老白 的个人主页","https://weibo.com/u/1803687135","1","","","","1 首页 全部关注 最新微博 特别关注 好友圈 自定义分组 管理 名人明星 同事 同学 悄悄关注 返回 独行侠老白 43.9万粉丝 2183关注 76.1万转评赞 关注 留言 V指数 财经 75.99分 热门财经博主 数据飙升 作家王浩帆 代表作《你努力合群的样子，真的好孤独》 投资内容创作者 IP属地：广东 精选 微博 视频 相册 全部微博（9240） 独行侠老白 11小时前 实力有目共睹！这波行情够不够强劲？这才是真正的反弹！ 各位朋友！@独行侠老白 的100万本金炒股之旅，每日更新均为真实记录，绝无半点水分，欢迎大家随时关注！ - 今日新关:永杉** - 目前情况：具体内容详见图片 如果大家对个股操作把握不准，欢迎通过私信与我交流！ 特别 ​​​ ...展开 17 94 167 独行侠老白 昨天 11:35 实力有目共睹！这波行情够不够强劲？这才是真正的反弹！ 各位朋友！@独行侠老白 的100万本金炒股之旅，每日更新均为真实记录，绝无半点水分，欢迎大家随时关注！ - 今日新关:苏州**越剑** - 目前情况：具体内容详见图片 如果大家对个股操作把握不准，欢迎通过私信与我交流！ ​​​ ...展开 10 71 195","https://weibo.com/;https://weibo.com/;https://weibo.com/hot;https://weibo.com/tv;https://weibo.com/at/weibo;https://weibo.com/u/4008912890;https://weibo.com/;https://weibo.com/mygroups?gid=110004008912890;https://weibo.com/mygroups?gid=5260773091182362;https://weibo.com/mygroups?gid=100094008912890;https://weibo.com/mygroups?gid=5260773091182365;https://weibo.com/mygroups?gid=5260773091182366;https://weibo.com/mygroups?gid=5260773091182367;https://weibo.com/mygroups?gid=100054008912890;https://weibo.com/u/page/follow/1803687135?relate=fans;https://weibo.com/u/page/follow/1803687135?relate=;https://api.weibo.com/chat/#/chat?to_uid=1803687135&source_from=;https://v6.bang.weibo.com/newczv/1050?date=20260427&period_type=week&show_from=profile&uid=1803687135;https://weibo.com/u/1803687135;https://weibo.com/u/1803687135;https://weibo.com/1803687135/QEoaldIGP;https://weibo.com/n/%E7%8B%AC%E8%A1%8C%E4%BE%A0%E8%80%81%E7%99%BD;https://weibo.com/u/1803687135;https://weibo.com/u/1803687135;https://weibo.com/1803687135/QEesxu2O3;https://weibo.com/n/%E7%8B%AC%E8%A1%8C%E4%BE%A0%E8%80%81%E7%99%BD","simple_visible_capture"
"2026-05-08T15:49:25.775Z","@独行侠老白 的个人主页","https://weibo.com/u/1803687135","1","","","","1 首页 全部关注 最新微博 特别关注 好友圈 自定义分组 管理 名人明星 同事 同学 悄悄关注 返回 独行侠老白 43.9万粉丝 2183关注 76.1万转评赞 关注 留言 V指数 财经 75.99分 热门财经博主 数据飙升 作家王浩帆 代表作《你努力合群的样子，真的好孤独》 投资内容创作者 IP属地：广东 精选 微博 视频 相册 全部微博（9240） 独行侠老白 11小时前 实力有目共睹！这波行情够不够强劲？这才是真正的反弹！ 各位朋友！@独行侠老白 的100万本金炒股之旅，每日更新均为真实记录，绝无半点水分，欢迎大家随时关注！ - 今日新关:永杉** - 目前情况：具体内容详见图片 如果大家对个股操作把握不准，欢迎通过私信与我交流！ 特别 ​​​ ...展开 17 94 167 独行侠老白 昨天 11:35 实力有目共睹！这波行情够不够强劲？这才是真正的反弹！ 各位朋友！@独行侠老白 的100万本金炒股之旅，每日更新均为真实记录，绝无半点水分，欢迎大家随时关注！ - 今日新关:苏州**越剑** - 目前情况：具体内容详见图片 如果大家对个股操作把握不准，欢迎通过私信与我交流！ ​​​ ...展开 10 71 195","https://weibo.com/;https://weibo.com/;https://weibo.com/hot;https://weibo.com/tv;https://weibo.com/at/weibo;https://weibo.com/u/4008912890;https://weibo.com/;https://weibo.com/mygroups?gid=110004008912890;https://weibo.com/mygroups?gid=5260773091182362;https://weibo.com/mygroups?gid=100094008912890;https://weibo.com/mygroups?gid=5260773091182365;https://weibo.com/mygroups?gid=5260773091182366;https://weibo.com/mygroups?gid=5260773091182367;https://weibo.com/mygroups?gid=100054008912890;https://weibo.com/u/page/follow/1803687135?relate=fans;https://weibo.com/u/page/follow/1803687135?relate=;https://api.weibo.com/chat/#/chat?to_uid=1803687135&source_from=;https://v6.bang.weibo.com/newczv/1050?date=20260427&period_type=week&show_from=profile&uid=1803687135;https://weibo.com/u/1803687135;https://weibo.com/u/1803687135;https://weibo.com/1803687135/QEoaldIGP;https://weibo.com/n/%E7%8B%AC%E8%A1%8C%E4%BE%A0%E8%80%81%E7%99%BD;https://weibo.com/u/1803687135;https://weibo.com/u/1803687135;https://weibo.com/1803687135/QEesxu2O3;https://weibo.com/n/%E7%8B%AC%E8%A1%8C%E4%BE%A0%E8%80%81%E7%99%BD","simple_visible_capture"
"2026-05-08T17:42:39.472Z","@草莓牛奶特别甜 的个人主页","https://weibo.com/u/7360795486","1","","","","1 首页 全部关注 最新微博 特别关注 好友圈 自定义分组 管理 名人明星 同事 同学 悄悄关注 返回 访问量 450万+ 草莓牛奶特别甜 131.8万粉丝 15关注 5767.5万转评赞 关注 留言 V指数 体育 94.49分 热门体育博主 数据飙升 体育博主 已实名 IP属地：浙江 精选 微博 视频 相册 全部微博（53417） 草莓牛奶特别甜 4-28 22:30 来自 微博网页版 已编辑 2026伦敦世界乒乓球团体锦标赛丨赛前信息汇总 5月8日全日赛程：微博正文 5月9日全日赛程：微博正文 男团第二阶段签表：微博正文女团第二阶段签表：微博正文 参赛大名单：微博正文 赛制及赛程总表：微博正文 ​​​​ 草莓牛奶特别甜 的微博 2026伦敦世界乒乓球团体锦标赛丨5月8日全日赛程 19:30 T1 🇨🇳中国男团🆚韩国🇰🇷 ​ 129 146 1741 草莓牛奶特别甜 原创 1-1 01:01 来自 微博网页版 已编辑 🏓2026乒乓球赛事日历🏓 【P1-8】月历【P9-10】年历&总表 ​​​ 长图 +1 2814 1907 1.6万 草莓牛奶特别甜 3分钟前 来自 微博网页版 2026伦敦世界乒乓球团体锦标赛丨男团1/4决赛 【🇧🇷巴西🆚法国🇫🇷】2:30 T1 第一盘：雨果·卡尔德拉诺🆚弗拉维安·科顿 第二盘：吉列尔姆·特奥多罗🆚费利克斯·勒布伦 第三盘：饭塚·莱昂纳多🆚艾利克斯·勒布伦 第四盘：雨果·卡尔德拉诺🆚费利克斯·勒布伦 第五盘：吉列尔姆·特奥多罗? ​​​ ...展开 1 15 6 草莓牛奶特别甜 8分钟前 来自 微博网页版 第三局 普莉蒂卡·帕瓦德13-11伯纳黛特·斯佐科斯 @草莓牛奶特别甜 【🇫🇷法国1-0罗马尼亚🇷🇴】第二盘 第一局 普莉蒂卡·帕瓦德7-11伯纳黛特·斯佐科斯 第二局 普莉蒂卡·帕瓦德9-11伯纳黛特·斯佐科斯 ​​​ 19分钟前 3 11 26 2 10 13 草莓牛奶特别甜 19分钟前 来自 微博网页版 【🇫🇷法国1-0罗马尼亚🇷🇴】第二盘 第一局 普莉蒂卡·帕瓦德7-11伯纳黛特·斯佐科斯 第二局 普莉蒂卡·帕瓦德9-11伯纳黛特·斯佐科斯 ​​​ 3 11 26 草莓牛奶特别甜 41分钟前 来自 微博网页版 第一盘：袁嘉楠3-2阿迪娜·迪亚克努【7-11，13-11，11-8，8-11，11-5】；第二盘：普莉蒂卡·帕瓦德🆚伯纳黛特·斯佐科斯 @草莓牛奶特别甜 2026伦敦世界乒乓球团体锦标赛丨女团1/4决赛 【🇫🇷法国1-0罗马尼亚🇷🇴】0:00(+1) T1 第一盘：袁嘉楠3-2阿迪娜·迪亚克努 【7-11，13-11，11-8，8-11，11-5】 第二盘：普莉蒂卡·帕瓦德🆚伯纳黛特·斯佐科斯 第三盘：夏洛特·卢茨🆚安德烈娅·德拉戈曼 第四盘：袁嘉楠🆚伯纳黛特·斯佐科斯 第 ​​​ ...展开 3小时前 11 61 513 3 15 40 草莓牛奶特别甜 50分钟前 来自 微博网页版 第四局 袁嘉楠8-11阿迪娜·迪亚克努//@草莓牛奶特别甜:第三局 袁嘉楠11-8阿迪娜·迪亚克努 @草莓牛奶特别甜 【🇫🇷法国🆚罗马尼亚🇷🇴】第一盘 第一局 袁嘉楠7-11阿迪娜·迪亚克努 第二局 袁嘉楠13-11阿迪娜·迪亚克努 ​​​ 1小时前 4 14 48 2 9 29 草莓牛奶特别甜 1小时前 来自 微博网页版 第三局 袁嘉楠11-8阿迪娜·迪亚克努 @草莓牛奶特别甜 【🇫🇷法国🆚罗马尼亚🇷🇴】第一盘 第一局 袁嘉楠7-11阿迪娜·迪亚克努 第二局 袁嘉楠13-11阿迪娜·迪亚克努 ​​​ 1小时前 4 14 48 3 7 21 草莓牛奶特别甜 3小时前 来自 微博网页版 已编辑 2026伦敦世界乒乓球团体锦标赛丨女团1/4决赛 【🇫🇷法国1-0罗马尼亚🇷🇴】0:00(+1) T1 第一盘：袁嘉楠3-2阿迪娜·迪亚克努 【7-11，13-11，11-8，8-11，11-5】 第二盘：普莉蒂卡·帕瓦德🆚伯纳黛特·斯佐科斯 第三盘：夏洛特·卢茨🆚安德烈娅·德拉戈曼 第四盘：袁嘉楠🆚伯纳黛特·斯佐科斯 第 ​​​ ...展开 11 61 513 博主设置仅对粉丝展示全部微博内容","https://weibo.com/;https://weibo.com/;https://weibo.com/hot;https://weibo.com/tv;https://weibo.com/at/weibo;https://weibo.com/u/4008912890;https://weibo.com/;https://weibo.com/mygroups?gid=110004008912890;https://weibo.com/mygroups?gid=5260773091182362;https://weibo.com/mygroups?gid=100094008912890;https://weibo.com/mygroups?gid=5260773091182365;https://weibo.com/mygroups?gid=5260773091182366;https://weibo.com/mygroups?gid=5260773091182367;https://weibo.com/mygroups?gid=100054008912890;https://weibo.com/u/page/follow/7360795486?relate=fans;https://weibo.com/u/page/follow/7360795486?relate=;https://api.weibo.com/chat/#/chat?to_uid=7360795486&source_from=;https://v6.bang.weibo.com/newczv/1004?date=20260427&period_type=week&show_from=profile&uid=7360795486;https://weibo.com/u/7360795486;https://weibo.com/u/7360795486;https://weibo.com/7360795486/QCVTNwV9q;https://weibo.com/7360795486/QEcGNu2MU;https://weibo.com/7360795486/QEsBQdffW;https://weibo.com/7360795486/QEcDJw9Kj;https://weibo.com/7360795486/QEcCP3OF4;https://weibo.com/7360795486/QB4uBsQj7;https://weibo.com/7360795486/PDnCJiJ2w;https://weibo.com/7360795486/QEcGNu2MU;https://weibo.com/u/7360795486;https://weibo.com/u/7360795486;https://weibo.com/7360795486/Ql0ss6py1;https://weibo.com/u/7360795486;https://weibo.com/u/7360795486;https://weibo.com/7360795486/QEtNS0t12;https://weibo.com/u/7360795486;https://weibo.com/u/7360795486;https://weibo.com/7360795486/QEtM92miB;https://weibo.com/u/7360795486;https://weibo.com/7360795486/QEtHslUDq;https://weibo.com/u/7360795486;https://weibo.com/u/7360795486;https://weibo.com/7360795486/QEtHslUDq;https://weibo.com/u/7360795486;https://weibo.com/u/7360795486;https://weibo.com/7360795486/QEtyE1hlO;https://weibo.com/u/7360795486;https://weibo.com/7360795486/QEsNDg4cc;https://weibo.com/u/7360795486;https://weibo.com/u/7360795486;https://weibo.com/7360795486/QEtv0gV24;https://weibo.com/n/%E8%8D%89%E8%8E%93%E7%89%9B%E5%A5%B6%E7%89%B9%E5%88%AB%E7%94%9C;https://weibo.com/u/7360795486;https://weibo.com/7360795486/QEtmKDcOF;https://weibo.com/u/7360795486;https://weibo.com/u/7360795486;https://weibo.com/7360795486/QEtqHjnGZ;https://weibo.com/u/7360795486;https://weibo.com/7360795486/QEtmKDcOF;https://weibo.com/u/7360795486;https://weibo.com/u/7360795486;https://weibo.com/7360795486/QEsNDg4cc","simple_visible_capture"
"2026-05-08T15:49:25.775Z","@独行侠老白 的个人主页","https://weibo.com/u/1803687135","1","","","","1 首页 全部关注 最新微博 特别关注 好友圈 自定义分组 管理 名人明星 同事 同学 悄悄关注 返回 独行侠老白 43.9万粉丝 2183关注 76.1万转评赞 关注 留言 V指数 财经 75.99分 热门财经博主 数据飙升 作家王浩帆 代表作《你努力合群的样子，真的好孤独》 投资内容创作者 IP属地：广东 精选 微博 视频 相册 全部微博（9240） 独行侠老白 11小时前 实力有目共睹！这波行情够不够强劲？这才是真正的反弹！ 各位朋友！@独行侠老白 的100万本金炒股之旅，每日更新均为真实记录，绝无半点水分，欢迎大家随时关注！ - 今日新关:永杉** - 目前情况：具体内容详见图片 如果大家对个股操作把握不准，欢迎通过私信与我交流！ 特别 ​​​ ...展开 17 94 167 独行侠老白 昨天 11:35 实力有目共睹！这波行情够不够强劲？这才是真正的反弹！ 各位朋友！@独行侠老白 的100万本金炒股之旅，每日更新均为真实记录，绝无半点水分，欢迎大家随时关注！ - 今日新关:苏州**越剑** - 目前情况：具体内容详见图片 如果大家对个股操作把握不准，欢迎通过私信与我交流！ ​​​ ...展开 10 71 195","https://weibo.com/;https://weibo.com/;https://weibo.com/hot;https://weibo.com/tv;https://weibo.com/at/weibo;https://weibo.com/u/4008912890;https://weibo.com/;https://weibo.com/mygroups?gid=110004008912890;https://weibo.com/mygroups?gid=5260773091182362;https://weibo.com/mygroups?gid=100094008912890;https://weibo.com/mygroups?gid=5260773091182365;https://weibo.com/mygroups?gid=5260773091182366;https://weibo.com/mygroups?gid=5260773091182367;https://weibo.com/mygroups?gid=100054008912890;https://weibo.com/u/page/follow/1803687135?relate=fans;https://weibo.com/u/page/follow/1803687135?relate=;https://api.weibo.com/chat/#/chat?to_uid=1803687135&source_from=;https://v6.bang.weibo.com/newczv/1050?date=20260427&period_type=week&show_from=profile&uid=1803687135;https://weibo.com/u/1803687135;https://weibo.com/u/1803687135;https://weibo.com/1803687135/QEoaldIGP;https://weibo.com/n/%E7%8B%AC%E8%A1%8C%E4%BE%A0%E8%80%81%E7%99%BD;https://weibo.com/u/1803687135;https://weibo.com/u/1803687135;https://weibo.com/1803687135/QEesxu2O3;https://weibo.com/n/%E7%8B%AC%E8%A1%8C%E4%BE%A0%E8%80%81%E7%99%BD","simple_visible_capture"
"2026-05-08T17:42:39.472Z","@草莓牛奶特别甜 的个人主页","https://weibo.com/u/7360795486","1","","","","1 首页 全部关注 最新微博 特别关注 好友圈 自定义分组 管理 名人明星 同事 同学 悄悄关注 返回 访问量 450万+ 草莓牛奶特别甜 131.8万粉丝 15关注 5767.5万转评赞 关注 留言 V指数 体育 94.49分 热门体育博主 数据飙升 体育博主 已实名 IP属地：浙江 精选 微博 视频 相册 全部微博（53417） 草莓牛奶特别甜 4-28 22:30 来自 微博网页版 已编辑 2026伦敦世界乒乓球团体锦标赛丨赛前信息汇总 5月8日全日赛程：微博正文 5月9日全日赛程：微博正文 男团第二阶段签表：微博正文女团第二阶段签表：微博正文 参赛大名单：微博正文 赛制及赛程总表：微博正文 ​​​​ 草莓牛奶特别甜 的微博 2026伦敦世界乒乓球团体锦标赛丨5月8日全日赛程 19:30 T1 🇨🇳中国男团🆚韩国🇰🇷 ​ 129 146 1741 草莓牛奶特别甜 原创 1-1 01:01 来自 微博网页版 已编辑 🏓2026乒乓球赛事日历🏓 【P1-8】月历【P9-10】年历&总表 ​​​ 长图 +1 2814 1907 1.6万 草莓牛奶特别甜 3分钟前 来自 微博网页版 2026伦敦世界乒乓球团体锦标赛丨男团1/4决赛 【🇧🇷巴西🆚法国🇫🇷】2:30 T1 第一盘：雨果·卡尔德拉诺🆚弗拉维安·科顿 第二盘：吉列尔姆·特奥多罗🆚费利克斯·勒布伦 第三盘：饭塚·莱昂纳多🆚艾利克斯·勒布伦 第四盘：雨果·卡尔德拉诺🆚费利克斯·勒布伦 第五盘：吉列尔姆·特奥多罗? ​​​ ...展开 1 15 6 草莓牛奶特别甜 8分钟前 来自 微博网页版 第三局 普莉蒂卡·帕瓦德13-11伯纳黛特·斯佐科斯 @草莓牛奶特别甜 【🇫🇷法国1-0罗马尼亚🇷🇴】第二盘 第一局 普莉蒂卡·帕瓦德7-11伯纳黛特·斯佐科斯 第二局 普莉蒂卡·帕瓦德9-11伯纳黛特·斯佐科斯 ​​​ 19分钟前 3 11 26 2 10 13 草莓牛奶特别甜 19分钟前 来自 微博网页版 【🇫🇷法国1-0罗马尼亚🇷🇴】第二盘 第一局 普莉蒂卡·帕瓦德7-11伯纳黛特·斯佐科斯 第二局 普莉蒂卡·帕瓦德9-11伯纳黛特·斯佐科斯 ​​​ 3 11 26 草莓牛奶特别甜 41分钟前 来自 微博网页版 第一盘：袁嘉楠3-2阿迪娜·迪亚克努【7-11，13-11，11-8，8-11，11-5】；第二盘：普莉蒂卡·帕瓦德🆚伯纳黛特·斯佐科斯 @草莓牛奶特别甜 2026伦敦世界乒乓球团体锦标赛丨女团1/4决赛 【🇫🇷法国1-0罗马尼亚🇷🇴】0:00(+1) T1 第一盘：袁嘉楠3-2阿迪娜·迪亚克努 【7-11，13-11，11-8，8-11，11-5】 第二盘：普莉蒂卡·帕瓦德🆚伯纳黛特·斯佐科斯 第三盘：夏洛特·卢茨🆚安德烈娅·德拉戈曼 第四盘：袁嘉楠🆚伯纳黛特·斯佐科斯 第 ​​​ ...展开 3小时前 11 61 513 3 15 40 草莓牛奶特别甜 50分钟前 来自 微博网页版 第四局 袁嘉楠8-11阿迪娜·迪亚克努//@草莓牛奶特别甜:第三局 袁嘉楠11-8阿迪娜·迪亚克努 @草莓牛奶特别甜 【🇫🇷法国🆚罗马尼亚🇷🇴】第一盘 第一局 袁嘉楠7-11阿迪娜·迪亚克努 第二局 袁嘉楠13-11阿迪娜·迪亚克努 ​​​ 1小时前 4 14 48 2 9 29 草莓牛奶特别甜 1小时前 来自 微博网页版 第三局 袁嘉楠11-8阿迪娜·迪亚克努 @草莓牛奶特别甜 【🇫🇷法国🆚罗马尼亚🇷🇴】第一盘 第一局 袁嘉楠7-11阿迪娜·迪亚克努 第二局 袁嘉楠13-11阿迪娜·迪亚克努 ​​​ 1小时前 4 14 48 3 7 21 草莓牛奶特别甜 3小时前 来自 微博网页版 已编辑 2026伦敦世界乒乓球团体锦标赛丨女团1/4决赛 【🇫🇷法国1-0罗马尼亚🇷🇴】0:00(+1) T1 第一盘：袁嘉楠3-2阿迪娜·迪亚克努 【7-11，13-11，11-8，8-11，11-5】 第二盘：普莉蒂卡·帕瓦德🆚伯纳黛特·斯佐科斯 第三盘：夏洛特·卢茨🆚安德烈娅·德拉戈曼 第四盘：袁嘉楠🆚伯纳黛特·斯佐科斯 第 ​​​ ...展开 11 61 513 博主设置仅对粉丝展示全部微博内容","https://weibo.com/;https://weibo.com/;https://weibo.com/hot;https://weibo.com/tv;https://weibo.com/at/weibo;https://weibo.com/u/4008912890;https://weibo.com/;https://weibo.com/mygroups?gid=110004008912890;https://weibo.com/mygroups?gid=5260773091182362;https://weibo.com/mygroups?gid=100094008912890;https://weibo.com/mygroups?gid=5260773091182365;https://weibo.com/mygroups?gid=5260773091182366;https://weibo.com/mygroups?gid=5260773091182367;https://weibo.com/mygroups?gid=100054008912890;https://weibo.com/u/page/follow/7360795486?relate=fans;https://weibo.com/u/page/follow/7360795486?relate=;https://api.weibo.com/chat/#/chat?to_uid=7360795486&source_from=;https://v6.bang.weibo.com/newczv/1004?date=20260427&period_type=week&show_from=profile&uid=7360795486;https://weibo.com/u/7360795486;https://weibo.com/u/7360795486;https://weibo.com/7360795486/QCVTNwV9q;https://weibo.com/7360795486/QEcGNu2MU;https://weibo.com/7360795486/QEsBQdffW;https://weibo.com/7360795486/QEcDJw9Kj;https://weibo.com/7360795486/QEcCP3OF4;https://weibo.com/7360795486/QB4uBsQj7;https://weibo.com/7360795486/PDnCJiJ2w;https://weibo.com/7360795486/QEcGNu2MU;https://weibo.com/u/7360795486;https://weibo.com/u/7360795486;https://weibo.com/7360795486/Ql0ss6py1;https://weibo.com/u/7360795486;https://weibo.com/u/7360795486;https://weibo.com/7360795486/QEtNS0t12;https://weibo.com/u/7360795486;https://weibo.com/u/7360795486;https://weibo.com/7360795486/QEtM92miB;https://weibo.com/u/7360795486;https://weibo.com/7360795486/QEtHslUDq;https://weibo.com/u/7360795486;https://weibo.com/u/7360795486;https://weibo.com/7360795486/QEtHslUDq;https://weibo.com/u/7360795486;https://weibo.com/u/7360795486;https://weibo.com/7360795486/QEtyE1hlO;https://weibo.com/u/7360795486;https://weibo.com/7360795486/QEsNDg4cc;https://weibo.com/u/7360795486;https://weibo.com/u/7360795486;https://weibo.com/7360795486/QEtv0gV24;https://weibo.com/n/%E8%8D%89%E8%8E%93%E7%89%9B%E5%A5%B6%E7%89%B9%E5%88%AB%E7%94%9C;https://weibo.com/u/7360795486;https://weibo.com/7360795486/QEtmKDcOF;https://weibo.com/u/7360795486;https://weibo.com/u/7360795486;https://weibo.com/7360795486/QEtqHjnGZ;https://weibo.com/u/7360795486;https://weibo.com/7360795486/QEtmKDcOF;https://weibo.com/u/7360795486;https://weibo.com/u/7360795486;https://weibo.com/7360795486/QEsNDg4cc","simple_visible_capture"
"2026-05-09T04:26:09.539Z","@今日有话直说 的个人主页","https://www.weibo.com/u/4008912890","1","","#再有消息就是要结婚了#;#精神病院炒股炒成公司前十大股东#;#今日观察#;#猫帮我提了离职#;#五一消费潜力充分释放#;#中国男团vs韩国#;#榴莲仅退款买家发声#;#榴莲仅退款买家发声#","","1 个人主页 我的主页 我的关注 我的粉丝 我的经常访问 我的收藏 我的赞 创作者中心 返回 今日有话直说 1粉丝 1关注 22转评赞 看见热点，也看见日常。整理信息，分享观察。 IP属地：韩国 精选 微博 相册 全部微博（9） 今日有话直说 16小时前 来自 iPhone 15 82 阅读 推广 大家好，我是「今日有话说」。 这个号主要做三件事： 1. 关注热点与生活议题； 2. 梳理信息脉络，把复杂事说清楚； 3. 分享一点理性观察，也保留一点轻松表达。 热搜每天都在变，但很多问题其实反复出现。以后我会在这里记录变化、整理信息、分享观点，也欢迎大家在评论区补充不同角度。 你更希望我 ​​​ ...展开 转发 2 1 今日有话直说 10小时前 来自 iPhone 15 3万 阅读 推广 #再有消息就是要结婚了# 这条热搜能上来，说明大家对“稳定关系”的想象还是很朴素：少一点反复确认，多一点确定答案。 互联网看感情，最爱等两个节点：官宣和结婚。中间那些日常相处、低调陪伴、互相磨合，反而不如一句“有消息就是要结婚了”来得有冲击力。 但关系里最难的，其实不是给外界一个交 ​​​ ...展开 转发 1 1 今日有话直说 10小时前 来自 iPhone 15 1.4万 阅读 推广 #精神病院炒股炒成公司前十大股东# 这条热搜最有意思的地方，不是“谁在炒股”，而是它把投资这件事的荒诞感直接拉满了。 普通人炒股，讲故事；机构炒股，讲模型；结果热搜一出来，大家发现：市场里最不缺的就是意外。很多时候你以为自己在和专业选手同场竞技，实际上牌桌上坐着谁，可能比行情本身还 ​​​ ...展开 转发 1 2 今日有话直说 12小时前 来自 iPhone 15 1.1万 阅读 推广 #今日观察# 今天几条热搜看下来，最明显的感受是：大家不是不关心大事，只是越来越需要把大事落回自己的生活里。 “仅退款”聊的是规则边界，“五一消费”聊的是钱花得值不值，“猫帮我提了离职”聊的是打工人的情绪出口。表面看都不一样，背后其实都在问同一件事：普通人在复杂生活里，怎么少一点消 ​​​ ...展开 转发 评论 1 今日有话直说 14小时前 来自 iPhone 15 1.8万 阅读 推广 #猫帮我提了离职# 这个热搜一看就是打工人的集体精神代餐。 很多人不是每天都想离职，而是每天都需要一个“有人替我说出口”的瞬间。猫当然不懂绩效、会议和 KPI，但它误打误撞按下的那一下，像极了成年人心里偷偷想过很多次的按钮。 生活最幽默的地方就是：有些话人不敢说，猫替你点了。 如果宠物 ​​​ ...展开 转发 评论 1 今日有话直说 14小时前 来自 iPhone 15 1.3万 阅读 推广 #五一消费潜力充分释放# 消费数据好不好，不能只看“人多不多”，还要看大家愿意为什么花钱。 这几年一个很明显的变化是：大家不是完全不消费，而是更挑了。该花的会花，能提升体验的会花，但纯靠情绪冲动的消费，越来越难打动人。 所以消费回暖背后，真正值得看的不是热闹本身，而是需求有没有变得更具体：出行、餐饮、体验、服务，哪一类最能让人觉得“这钱花得值”。 今年五一，你觉得最明显的消费变化是什么？收起 转发 评论 1 今日有话直说 14小时前 来自 iPhone 15 155 阅读 推广 #中国男团vs韩国# 这种比赛最有意思的地方，是它从来不只看纸面实力。 热搜里一边是比分变化，一边是大家的心态起伏。竞技体育就是这样：顺的时候考验稳定，逆的时候考验抗压。真正能把比赛打回来的，不只是技术，还有临场调整和情绪管理。 别提前开香槟，也别一分落后就唱衰。场上见真章，评论区见心跳。 你觉得今晚最关键的一盘会是谁？收起 转发 1 1 今日有话直说 15小时前 来自 iPhone 15 1.3万 阅读 推广 仅退款争议里，最容易被忽略的是“正常维权”和“规则滥用”不是一回事。 正常维权要支持，因为消费者很多时候确实处在信息弱势；规则滥用也要识别，因为它会把本来该保护人的通道变成新的灰色空间。 平台真正该做的，不是简单偏向买家或商家，而是把证据标准、审核流程、申诉机制讲清楚。规则越透明，误伤越少，争议也越少。 你觉得平台处理这类纠纷，最该公开哪一步？ #榴莲仅退款买家发声#收起 转发 3 1 今日有话直说 16小时前 来自 iPhone 15 1.3万 阅读 推广 「仅退款」这件事，真正该讨论的不是谁更会吵，而是规则怎么不被钻空子。 消费者当然需要售后保护，买到问题商品也应该有顺畅的维权通道。但如果有人把规则当成免费拿货的工具，最后受伤的不只是商家，还有真正需要维权的消费者。 好的平台规则，应该保护弱者，也应该识别滥用。否则每一次个案都会变成一场拉扯。 你觉得“仅退款”最该补上的漏洞是什么？ #榴莲仅退款买家发声#收起 转发 3 2 没有更多内容了~去其他页面看看吧","https://www.weibo.com/;https://www.weibo.com/;https://www.weibo.com/hot;https://www.weibo.com/tv;https://www.weibo.com/at/weibo;https://www.weibo.com/u/4008912890;https://www.weibo.com/u/4008912890;https://www.weibo.com/u/page/follow/4008912890;https://www.weibo.com/u/page/follow/4008912890?relate=fans;https://www.weibo.com/u/page/visit/4008912890;https://www.weibo.com/u/page/fav/4008912890;https://www.weibo.com/u/page/like/4008912890;https://me.weibo.com/;https://www.weibo.com/u/page/follow/4008912890?relate=fans;https://www.weibo.com/u/page/follow/4008912890?relate=;https://api.weibo.com/chat/#/chat?to_uid=4008912890&source_from=;https://weibo.com/u/4008912890;https://weibo.com/u/4008912890;https://weibo.com/4008912890/QErIXmbUw;https://weibo.com/u/4008912890;https://weibo.com/u/4008912890;https://weibo.com/4008912890/QEtZ07I0C;https://s.weibo.com/weibo?q=%23%E5%86%8D%E6%9C%89%E6%B6%88%E6%81%AF%E5%B0%B1%E6%98%AF%E8%A6%81%E7%BB%93%E5%A9%9A%E4%BA%86%23;https://weibo.com/u/4008912890;https://weibo.com/u/4008912890;https://weibo.com/4008912890/QEtWE0vKE;https://s.weibo.com/weibo?q=%23%E7%B2%BE%E7%A5%9E%E7%97%85%E9%99%A2%E7%82%92%E8%82%A1%E7%82%92%E6%88%90%E5%85%AC%E5%8F%B8%E5%89%8D%E5%8D%81%E5%A4%A7%E8%82%A1%E4%B8%9C%23;https://weibo.com/u/4008912890;https://weibo.com/u/4008912890;https://weibo.com/4008912890/QEtatt7XT;https://s.weibo.com/weibo?q=%23%E4%BB%8A%E6%97%A5%E8%A7%82%E5%AF%9F%23;https://weibo.com/u/4008912890;https://weibo.com/u/4008912890;https://weibo.com/4008912890/QEstPftqo;https://s.weibo.com/weibo?q=%23%E7%8C%AB%E5%B8%AE%E6%88%91%E6%8F%90%E4%BA%86%E7%A6%BB%E8%81%8C%23;https://weibo.com/u/4008912890;https://weibo.com/u/4008912890;https://weibo.com/4008912890/QEstK6ov9;https://s.weibo.com/weibo?q=%23%E4%BA%94%E4%B8%80%E6%B6%88%E8%B4%B9%E6%BD%9C%E5%8A%9B%E5%85%85%E5%88%86%E9%87%8A%E6%94%BE%23;https://weibo.com/u/4008912890;https://weibo.com/u/4008912890;https://weibo.com/4008912890/QEsr1Dd1e;https://s.weibo.com/weibo?q=%23%E4%B8%AD%E5%9B%BD%E7%94%B7%E5%9B%A2vs%E9%9F%A9%E5%9B%BD%23;https://weibo.com/u/4008912890;https://weibo.com/u/4008912890;https://weibo.com/4008912890/QEsi0rhsA;https://s.weibo.com/weibo?q=%23%E6%A6%B4%E8%8E%B2%E4%BB%85%E9%80%80%E6%AC%BE%E4%B9%B0%E5%AE%B6%E5%8F%91%E5%A3%B0%23;https://weibo.com/u/4008912890;https://weibo.com/u/4008912890;https://weibo.com/4008912890/QErNwAWUk;https://s.weibo.com/weibo?q=%23%E6%A6%B4%E8%8E%B2%E4%BB%85%E9%80%80%E6%AC%BE%E4%B9%B0%E5%AE%B6%E5%8F%91%E5%A3%B0%23","simple_visible_capture"
"2026-05-09T04:41:48.624Z","热搜 - 微博","https://www.weibo.com/hot/search","1","","","","1 推荐 热门推荐 热门榜单 微博热搜 我的 热搜 文娱 生活 社会 5 救救跑男 热 1080194 24 偏偏宠爱 宋威龙包上恩 361185 25 田曦薇 刘海 359542 26 多国网友力挺中国拒世界杯天价转播权 新 343568 27 阿信感谢王俊凯 新 336880 28 英伟达新技术翻车 329576 29 李金铭答应没事多出来互动 新 324247 30 王暖暖差点没抢救回来 新 316660 31 李现是张婧仪的站姐吧 310257 32 浪姐三公已经彩排三次了 新 287140 33 香港警方解密湾仔双尸案 243121 34 跑男新一期收视率创新低 229521 35 商场的镜子会骗人 新 214282 36 马刺vs森林狼 新 214148 37 尚界Z7挑战世界落差最高山路 新 211254 38 时代姐妹花4个人有3个群 新 208787 39 13岁女孩沉迷二次元花光家里18万 新 199904 40 中国地铁被谬认为日本还在发生 197273 41 小米高管回应保时捷纽北超越SU7 192604 42 尘白禁区退钱 新 185784 43 南京这下真要变徽京了 新 169451 44 男子杀15岁少女弃尸和妻子外出吃饭 新 164230 45 文佳煐第一位95后韩国三大影后 157309 46 余华真的读得全身发抖吗 155023 47 DRG老板道歉 151072 48 12名农民工遭车位抵薪32万元 149522 49 网红七七搭档刘敏涛演戏 149046 50 8名中国人赴泰私拍短剧被逮捕 新 145256 没有更多内容了","https://www.weibo.com/;https://www.weibo.com/;https://www.weibo.com/hot;https://www.weibo.com/tv;https://www.weibo.com/at/weibo;https://www.weibo.com/u/4008912890;https://www.weibo.com/hot/weibo/1028039999;https://www.weibo.com/hot/list/1028039999;https://www.weibo.com/hot/mine;https://www.weibo.com/hot/search;https://www.weibo.com/hot/entertainment;https://www.weibo.com/hot/life;https://www.weibo.com/hot/social;https://s.weibo.com/weibo?q=%23%E6%95%91%E6%95%91%E8%B7%91%E7%94%B7%23&t=31;https://s.weibo.com/weibo?q=%E5%81%8F%E5%81%8F%E5%AE%A0%E7%88%B1%20%E5%AE%8B%E5%A8%81%E9%BE%99%E5%8C%85%E4%B8%8A%E6%81%A9&t=31;https://s.weibo.com/weibo?q=%E7%94%B0%E6%9B%A6%E8%96%87%20%E5%88%98%E6%B5%B7&t=31;https://s.weibo.com/weibo?q=%23%E5%A4%9A%E5%9B%BD%E7%BD%91%E5%8F%8B%E5%8A%9B%E6%8C%BA%E4%B8%AD%E5%9B%BD%E6%8B%92%E4%B8%96%E7%95%8C%E6%9D%AF%E5%A4%A9%E4%BB%B7%E8%BD%AC%E6%92%AD%E6%9D%83%23&t=31;https://s.weibo.com/weibo?q=%23%E9%98%BF%E4%BF%A1%E6%84%9F%E8%B0%A2%E7%8E%8B%E4%BF%8A%E5%87%AF%23&t=31;https://s.weibo.com/weibo?q=%23%E8%8B%B1%E4%BC%9F%E8%BE%BE%E6%96%B0%E6%8A%80%E6%9C%AF%E7%BF%BB%E8%BD%A6%23&t=31;https://s.weibo.com/weibo?q=%23%E6%9D%8E%E9%87%91%E9%93%AD%E7%AD%94%E5%BA%94%E6%B2%A1%E4%BA%8B%E5%A4%9A%E5%87%BA%E6%9D%A5%E4%BA%92%E5%8A%A8%23&t=31;https://s.weibo.com/weibo?q=%23%E7%8E%8B%E6%9A%96%E6%9A%96%E5%B7%AE%E7%82%B9%E6%B2%A1%E6%8A%A2%E6%95%91%E5%9B%9E%E6%9D%A5%23&t=31;https://s.weibo.com/weibo?q=%23%E6%9D%8E%E7%8E%B0%E6%98%AF%E5%BC%A0%E5%A9%A7%E4%BB%AA%E7%9A%84%E7%AB%99%E5%A7%90%E5%90%A7%23&t=31;https://s.weibo.com/weibo?q=%23%E6%B5%AA%E5%A7%90%E4%B8%89%E5%85%AC%E5%B7%B2%E7%BB%8F%E5%BD%A9%E6%8E%92%E4%B8%89%E6%AC%A1%E4%BA%86%23&t=31;https://s.weibo.com/weibo?q=%23%E9%A6%99%E6%B8%AF%E8%AD%A6%E6%96%B9%E8%A7%A3%E5%AF%86%E6%B9%BE%E4%BB%94%E5%8F%8C%E5%B0%B8%E6%A1%88%23&t=31;https://s.weibo.com/weibo?q=%23%E8%B7%91%E7%94%B7%E6%96%B0%E4%B8%80%E6%9C%9F%E6%94%B6%E8%A7%86%E7%8E%87%E5%88%9B%E6%96%B0%E4%BD%8E%23&t=31;https://s.weibo.com/weibo?q=%E5%95%86%E5%9C%BA%E7%9A%84%E9%95%9C%E5%AD%90%E4%BC%9A%E9%AA%97%E4%BA%BA&t=31;https://s.weibo.com/weibo?q=%E9%A9%AC%E5%88%BAvs%E6%A3%AE%E6%9E%97%E7%8B%BC&t=31;https://s.weibo.com/weibo?q=%23%E5%B0%9A%E7%95%8CZ7%E6%8C%91%E6%88%98%E4%B8%96%E7%95%8C%E8%90%BD%E5%B7%AE%E6%9C%80%E9%AB%98%E5%B1%B1%E8%B7%AF%23&t=31;https://s.weibo.com/weibo?q=%23%E6%97%B6%E4%BB%A3%E5%A7%90%E5%A6%B9%E8%8A%B14%E4%B8%AA%E4%BA%BA%E6%9C%893%E4%B8%AA%E7%BE%A4%23&t=31;https://s.weibo.com/weibo?q=%2313%E5%B2%81%E5%A5%B3%E5%AD%A9%E6%B2%89%E8%BF%B7%E4%BA%8C%E6%AC%A1%E5%85%83%E8%8A%B1%E5%85%89%E5%AE%B6%E9%87%8C18%E4%B8%87%23&t=31;https://s.weibo.com/weibo?q=%23%E4%B8%AD%E5%9B%BD%E5%9C%B0%E9%93%81%E8%A2%AB%E8%B0%AC%E8%AE%A4%E4%B8%BA%E6%97%A5%E6%9C%AC%E8%BF%98%E5%9C%A8%E5%8F%91%E7%94%9F%23&t=31;https://s.weibo.com/weibo?q=%23%E5%B0%8F%E7%B1%B3%E9%AB%98%E7%AE%A1%E5%9B%9E%E5%BA%94%E4%BF%9D%E6%97%B6%E6%8D%B7%E7%BA%BD%E5%8C%97%E8%B6%85%E8%B6%8ASU7%23&t=31;https://s.weibo.com/weibo?q=%E5%B0%98%E7%99%BD%E7%A6%81%E5%8C%BA%E9%80%80%E9%92%B1&t=31;https://s.weibo.com/weibo?q=%23%E5%8D%97%E4%BA%AC%E8%BF%99%E4%B8%8B%E7%9C%9F%E8%A6%81%E5%8F%98%E5%BE%BD%E4%BA%AC%E4%BA%86%23&t=31;https://s.weibo.com/weibo?q=%23%E7%94%B7%E5%AD%90%E6%9D%8015%E5%B2%81%E5%B0%91%E5%A5%B3%E5%BC%83%E5%B0%B8%E5%92%8C%E5%A6%BB%E5%AD%90%E5%A4%96%E5%87%BA%E5%90%83%E9%A5%AD%23&t=31;https://s.weibo.com/weibo?q=%23%E6%96%87%E4%BD%B3%E7%85%90%E7%AC%AC%E4%B8%80%E4%BD%8D95%E5%90%8E%E9%9F%A9%E5%9B%BD%E4%B8%89%E5%A4%A7%E5%BD%B1%E5%90%8E%23&t=31;https://s.weibo.com/weibo?q=%E4%BD%99%E5%8D%8E%E7%9C%9F%E7%9A%84%E8%AF%BB%E5%BE%97%E5%85%A8%E8%BA%AB%E5%8F%91%E6%8A%96%E5%90%97&t=31;https://s.weibo.com/weibo?q=%23DRG%E8%80%81%E6%9D%BF%E9%81%93%E6%AD%89%23&t=31;https://s.weibo.com/weibo?q=%2312%E5%90%8D%E5%86%9C%E6%B0%91%E5%B7%A5%E9%81%AD%E8%BD%A6%E4%BD%8D%E6%8A%B5%E8%96%AA32%E4%B8%87%E5%85%83%23&t=31;https://s.weibo.com/weibo?q=%23%E7%BD%91%E7%BA%A2%E4%B8%83%E4%B8%83%E6%90%AD%E6%A1%A3%E5%88%98%E6%95%8F%E6%B6%9B%E6%BC%94%E6%88%8F%23&t=31;https://s.weibo.com/weibo?q=%238%E5%90%8D%E4%B8%AD%E5%9B%BD%E4%BA%BA%E8%B5%B4%E6%B3%B0%E7%A7%81%E6%8B%8D%E7%9F%AD%E5%89%A7%E8%A2%AB%E9%80%AE%E6%8D%95%23&t=31","simple_visible_capture"
"2026-05-08T15:49:25.775Z","@独行侠老白 的个人主页","https://weibo.com/u/1803687135","1","","","","1 首页 全部关注 最新微博 特别关注 好友圈 自定义分组 管理 名人明星 同事 同学 悄悄关注 返回 独行侠老白 43.9万粉丝 2183关注 76.1万转评赞 关注 留言 V指数 财经 75.99分 热门财经博主 数据飙升 作家王浩帆 代表作《你努力合群的样子，真的好孤独》 投资内容创作者 IP属地：广东 精选 微博 视频 相册 全部微博（9240） 独行侠老白 11小时前 实力有目共睹！这波行情够不够强劲？这才是真正的反弹！ 各位朋友！@独行侠老白 的100万本金炒股之旅，每日更新均为真实记录，绝无半点水分，欢迎大家随时关注！ - 今日新关:永杉** - 目前情况：具体内容详见图片 如果大家对个股操作把握不准，欢迎通过私信与我交流！ 特别 ​​​ ...展开 17 94 167 独行侠老白 昨天 11:35 实力有目共睹！这波行情够不够强劲？这才是真正的反弹！ 各位朋友！@独行侠老白 的100万本金炒股之旅，每日更新均为真实记录，绝无半点水分，欢迎大家随时关注！ - 今日新关:苏州**越剑** - 目前情况：具体内容详见图片 如果大家对个股操作把握不准，欢迎通过私信与我交流！ ​​​ ...展开 10 71 195","https://weibo.com/;https://weibo.com/;https://weibo.com/hot;https://weibo.com/tv;https://weibo.com/at/weibo;https://weibo.com/u/4008912890;https://weibo.com/;https://weibo.com/mygroups?gid=110004008912890;https://weibo.com/mygroups?gid=5260773091182362;https://weibo.com/mygroups?gid=100094008912890;https://weibo.com/mygroups?gid=5260773091182365;https://weibo.com/mygroups?gid=5260773091182366;https://weibo.com/mygroups?gid=5260773091182367;https://weibo.com/mygroups?gid=100054008912890;https://weibo.com/u/page/follow/1803687135?relate=fans;https://weibo.com/u/page/follow/1803687135?relate=;https://api.weibo.com/chat/#/chat?to_uid=1803687135&source_from=;https://v6.bang.weibo.com/newczv/1050?date=20260427&period_type=week&show_from=profile&uid=1803687135;https://weibo.com/u/1803687135;https://weibo.com/u/1803687135;https://weibo.com/1803687135/QEoaldIGP;https://weibo.com/n/%E7%8B%AC%E8%A1%8C%E4%BE%A0%E8%80%81%E7%99%BD;https://weibo.com/u/1803687135;https://weibo.com/u/1803687135;https://weibo.com/1803687135/QEesxu2O3;https://weibo.com/n/%E7%8B%AC%E8%A1%8C%E4%BE%A0%E8%80%81%E7%99%BD","simple_visible_capture"
"2026-05-08T17:42:39.472Z","@草莓牛奶特别甜 的个人主页","https://weibo.com/u/7360795486","1","","","","1 首页 全部关注 最新微博 特别关注 好友圈 自定义分组 管理 名人明星 同事 同学 悄悄关注 返回 访问量 450万+ 草莓牛奶特别甜 131.8万粉丝 15关注 5767.5万转评赞 关注 留言 V指数 体育 94.49分 热门体育博主 数据飙升 体育博主 已实名 IP属地：浙江 精选 微博 视频 相册 全部微博（53417） 草莓牛奶特别甜 4-28 22:30 来自 微博网页版 已编辑 2026伦敦世界乒乓球团体锦标赛丨赛前信息汇总 5月8日全日赛程：微博正文 5月9日全日赛程：微博正文 男团第二阶段签表：微博正文女团第二阶段签表：微博正文 参赛大名单：微博正文 赛制及赛程总表：微博正文 ​​​​ 草莓牛奶特别甜 的微博 2026伦敦世界乒乓球团体锦标赛丨5月8日全日赛程 19:30 T1 🇨🇳中国男团🆚韩国🇰🇷 ​ 129 146 1741 草莓牛奶特别甜 原创 1-1 01:01 来自 微博网页版 已编辑 🏓2026乒乓球赛事日历🏓 【P1-8】月历【P9-10】年历&总表 ​​​ 长图 +1 2814 1907 1.6万 草莓牛奶特别甜 3分钟前 来自 微博网页版 2026伦敦世界乒乓球团体锦标赛丨男团1/4决赛 【🇧🇷巴西🆚法国🇫🇷】2:30 T1 第一盘：雨果·卡尔德拉诺🆚弗拉维安·科顿 第二盘：吉列尔姆·特奥多罗🆚费利克斯·勒布伦 第三盘：饭塚·莱昂纳多🆚艾利克斯·勒布伦 第四盘：雨果·卡尔德拉诺🆚费利克斯·勒布伦 第五盘：吉列尔姆·特奥多罗? ​​​ ...展开 1 15 6 草莓牛奶特别甜 8分钟前 来自 微博网页版 第三局 普莉蒂卡·帕瓦德13-11伯纳黛特·斯佐科斯 @草莓牛奶特别甜 【🇫🇷法国1-0罗马尼亚🇷🇴】第二盘 第一局 普莉蒂卡·帕瓦德7-11伯纳黛特·斯佐科斯 第二局 普莉蒂卡·帕瓦德9-11伯纳黛特·斯佐科斯 ​​​ 19分钟前 3 11 26 2 10 13 草莓牛奶特别甜 19分钟前 来自 微博网页版 【🇫🇷法国1-0罗马尼亚🇷🇴】第二盘 第一局 普莉蒂卡·帕瓦德7-11伯纳黛特·斯佐科斯 第二局 普莉蒂卡·帕瓦德9-11伯纳黛特·斯佐科斯 ​​​ 3 11 26 草莓牛奶特别甜 41分钟前 来自 微博网页版 第一盘：袁嘉楠3-2阿迪娜·迪亚克努【7-11，13-11，11-8，8-11，11-5】；第二盘：普莉蒂卡·帕瓦德🆚伯纳黛特·斯佐科斯 @草莓牛奶特别甜 2026伦敦世界乒乓球团体锦标赛丨女团1/4决赛 【🇫🇷法国1-0罗马尼亚🇷🇴】0:00(+1) T1 第一盘：袁嘉楠3-2阿迪娜·迪亚克努 【7-11，13-11，11-8，8-11，11-5】 第二盘：普莉蒂卡·帕瓦德🆚伯纳黛特·斯佐科斯 第三盘：夏洛特·卢茨🆚安德烈娅·德拉戈曼 第四盘：袁嘉楠🆚伯纳黛特·斯佐科斯 第 ​​​ ...展开 3小时前 11 61 513 3 15 40 草莓牛奶特别甜 50分钟前 来自 微博网页版 第四局 袁嘉楠8-11阿迪娜·迪亚克努//@草莓牛奶特别甜:第三局 袁嘉楠11-8阿迪娜·迪亚克努 @草莓牛奶特别甜 【🇫🇷法国🆚罗马尼亚🇷🇴】第一盘 第一局 袁嘉楠7-11阿迪娜·迪亚克努 第二局 袁嘉楠13-11阿迪娜·迪亚克努 ​​​ 1小时前 4 14 48 2 9 29 草莓牛奶特别甜 1小时前 来自 微博网页版 第三局 袁嘉楠11-8阿迪娜·迪亚克努 @草莓牛奶特别甜 【🇫🇷法国🆚罗马尼亚🇷🇴】第一盘 第一局 袁嘉楠7-11阿迪娜·迪亚克努 第二局 袁嘉楠13-11阿迪娜·迪亚克努 ​​​ 1小时前 4 14 48 3 7 21 草莓牛奶特别甜 3小时前 来自 微博网页版 已编辑 2026伦敦世界乒乓球团体锦标赛丨女团1/4决赛 【🇫🇷法国1-0罗马尼亚🇷🇴】0:00(+1) T1 第一盘：袁嘉楠3-2阿迪娜·迪亚克努 【7-11，13-11，11-8，8-11，11-5】 第二盘：普莉蒂卡·帕瓦德🆚伯纳黛特·斯佐科斯 第三盘：夏洛特·卢茨🆚安德烈娅·德拉戈曼 第四盘：袁嘉楠🆚伯纳黛特·斯佐科斯 第 ​​​ ...展开 11 61 513 博主设置仅对粉丝展示全部微博内容","https://weibo.com/;https://weibo.com/;https://weibo.com/hot;https://weibo.com/tv;https://weibo.com/at/weibo;https://weibo.com/u/4008912890;https://weibo.com/;https://weibo.com/mygroups?gid=110004008912890;https://weibo.com/mygroups?gid=5260773091182362;https://weibo.com/mygroups?gid=100094008912890;https://weibo.com/mygroups?gid=5260773091182365;https://weibo.com/mygroups?gid=5260773091182366;https://weibo.com/mygroups?gid=5260773091182367;https://weibo.com/mygroups?gid=100054008912890;https://weibo.com/u/page/follow/7360795486?relate=fans;https://weibo.com/u/page/follow/7360795486?relate=;https://api.weibo.com/chat/#/chat?to_uid=7360795486&source_from=;https://v6.bang.weibo.com/newczv/1004?date=20260427&period_type=week&show_from=profile&uid=7360795486;https://weibo.com/u/7360795486;https://weibo.com/u/7360795486;https://weibo.com/7360795486/QCVTNwV9q;https://weibo.com/7360795486/QEcGNu2MU;https://weibo.com/7360795486/QEsBQdffW;https://weibo.com/7360795486/QEcDJw9Kj;https://weibo.com/7360795486/QEcCP3OF4;https://weibo.com/7360795486/QB4uBsQj7;https://weibo.com/7360795486/PDnCJiJ2w;https://weibo.com/7360795486/QEcGNu2MU;https://weibo.com/u/7360795486;https://weibo.com/u/7360795486;https://weibo.com/7360795486/Ql0ss6py1;https://weibo.com/u/7360795486;https://weibo.com/u/7360795486;https://weibo.com/7360795486/QEtNS0t12;https://weibo.com/u/7360795486;https://weibo.com/u/7360795486;https://weibo.com/7360795486/QEtM92miB;https://weibo.com/u/7360795486;https://weibo.com/7360795486/QEtHslUDq;https://weibo.com/u/7360795486;https://weibo.com/u/7360795486;https://weibo.com/7360795486/QEtHslUDq;https://weibo.com/u/7360795486;https://weibo.com/u/7360795486;https://weibo.com/7360795486/QEtyE1hlO;https://weibo.com/u/7360795486;https://weibo.com/7360795486/QEsNDg4cc;https://weibo.com/u/7360795486;https://weibo.com/u/7360795486;https://weibo.com/7360795486/QEtv0gV24;https://weibo.com/n/%E8%8D%89%E8%8E%93%E7%89%9B%E5%A5%B6%E7%89%B9%E5%88%AB%E7%94%9C;https://weibo.com/u/7360795486;https://weibo.com/7360795486/QEtmKDcOF;https://weibo.com/u/7360795486;https://weibo.com/u/7360795486;https://weibo.com/7360795486/QEtqHjnGZ;https://weibo.com/u/7360795486;https://weibo.com/7360795486/QEtmKDcOF;https://weibo.com/u/7360795486;https://weibo.com/u/7360795486;https://weibo.com/7360795486/QEsNDg4cc","simple_visible_capture"
"2026-05-09T04:26:09.539Z","@今日有话直说 的个人主页","https://www.weibo.com/u/4008912890","1","","#再有消息就是要结婚了#;#精神病院炒股炒成公司前十大股东#;#今日观察#;#猫帮我提了离职#;#五一消费潜力充分释放#;#中国男团vs韩国#;#榴莲仅退款买家发声#;#榴莲仅退款买家发声#","","1 个人主页 我的主页 我的关注 我的粉丝 我的经常访问 我的收藏 我的赞 创作者中心 返回 今日有话直说 1粉丝 1关注 22转评赞 看见热点，也看见日常。整理信息，分享观察。 IP属地：韩国 精选 微博 相册 全部微博（9） 今日有话直说 16小时前 来自 iPhone 15 82 阅读 推广 大家好，我是「今日有话说」。 这个号主要做三件事： 1. 关注热点与生活议题； 2. 梳理信息脉络，把复杂事说清楚； 3. 分享一点理性观察，也保留一点轻松表达。 热搜每天都在变，但很多问题其实反复出现。以后我会在这里记录变化、整理信息、分享观点，也欢迎大家在评论区补充不同角度。 你更希望我 ​​​ ...展开 转发 2 1 今日有话直说 10小时前 来自 iPhone 15 3万 阅读 推广 #再有消息就是要结婚了# 这条热搜能上来，说明大家对“稳定关系”的想象还是很朴素：少一点反复确认，多一点确定答案。 互联网看感情，最爱等两个节点：官宣和结婚。中间那些日常相处、低调陪伴、互相磨合，反而不如一句“有消息就是要结婚了”来得有冲击力。 但关系里最难的，其实不是给外界一个交 ​​​ ...展开 转发 1 1 今日有话直说 10小时前 来自 iPhone 15 1.4万 阅读 推广 #精神病院炒股炒成公司前十大股东# 这条热搜最有意思的地方，不是“谁在炒股”，而是它把投资这件事的荒诞感直接拉满了。 普通人炒股，讲故事；机构炒股，讲模型；结果热搜一出来，大家发现：市场里最不缺的就是意外。很多时候你以为自己在和专业选手同场竞技，实际上牌桌上坐着谁，可能比行情本身还 ​​​ ...展开 转发 1 2 今日有话直说 12小时前 来自 iPhone 15 1.1万 阅读 推广 #今日观察# 今天几条热搜看下来，最明显的感受是：大家不是不关心大事，只是越来越需要把大事落回自己的生活里。 “仅退款”聊的是规则边界，“五一消费”聊的是钱花得值不值，“猫帮我提了离职”聊的是打工人的情绪出口。表面看都不一样，背后其实都在问同一件事：普通人在复杂生活里，怎么少一点消 ​​​ ...展开 转发 评论 1 今日有话直说 14小时前 来自 iPhone 15 1.8万 阅读 推广 #猫帮我提了离职# 这个热搜一看就是打工人的集体精神代餐。 很多人不是每天都想离职，而是每天都需要一个“有人替我说出口”的瞬间。猫当然不懂绩效、会议和 KPI，但它误打误撞按下的那一下，像极了成年人心里偷偷想过很多次的按钮。 生活最幽默的地方就是：有些话人不敢说，猫替你点了。 如果宠物 ​​​ ...展开 转发 评论 1 今日有话直说 14小时前 来自 iPhone 15 1.3万 阅读 推广 #五一消费潜力充分释放# 消费数据好不好，不能只看“人多不多”，还要看大家愿意为什么花钱。 这几年一个很明显的变化是：大家不是完全不消费，而是更挑了。该花的会花，能提升体验的会花，但纯靠情绪冲动的消费，越来越难打动人。 所以消费回暖背后，真正值得看的不是热闹本身，而是需求有没有变得更具体：出行、餐饮、体验、服务，哪一类最能让人觉得“这钱花得值”。 今年五一，你觉得最明显的消费变化是什么？收起 转发 评论 1 今日有话直说 14小时前 来自 iPhone 15 155 阅读 推广 #中国男团vs韩国# 这种比赛最有意思的地方，是它从来不只看纸面实力。 热搜里一边是比分变化，一边是大家的心态起伏。竞技体育就是这样：顺的时候考验稳定，逆的时候考验抗压。真正能把比赛打回来的，不只是技术，还有临场调整和情绪管理。 别提前开香槟，也别一分落后就唱衰。场上见真章，评论区见心跳。 你觉得今晚最关键的一盘会是谁？收起 转发 1 1 今日有话直说 15小时前 来自 iPhone 15 1.3万 阅读 推广 仅退款争议里，最容易被忽略的是“正常维权”和“规则滥用”不是一回事。 正常维权要支持，因为消费者很多时候确实处在信息弱势；规则滥用也要识别，因为它会把本来该保护人的通道变成新的灰色空间。 平台真正该做的，不是简单偏向买家或商家，而是把证据标准、审核流程、申诉机制讲清楚。规则越透明，误伤越少，争议也越少。 你觉得平台处理这类纠纷，最该公开哪一步？ #榴莲仅退款买家发声#收起 转发 3 1 今日有话直说 16小时前 来自 iPhone 15 1.3万 阅读 推广 「仅退款」这件事，真正该讨论的不是谁更会吵，而是规则怎么不被钻空子。 消费者当然需要售后保护，买到问题商品也应该有顺畅的维权通道。但如果有人把规则当成免费拿货的工具，最后受伤的不只是商家，还有真正需要维权的消费者。 好的平台规则，应该保护弱者，也应该识别滥用。否则每一次个案都会变成一场拉扯。 你觉得“仅退款”最该补上的漏洞是什么？ #榴莲仅退款买家发声#收起 转发 3 2 没有更多内容了~去其他页面看看吧","https://www.weibo.com/;https://www.weibo.com/;https://www.weibo.com/hot;https://www.weibo.com/tv;https://www.weibo.com/at/weibo;https://www.weibo.com/u/4008912890;https://www.weibo.com/u/4008912890;https://www.weibo.com/u/page/follow/4008912890;https://www.weibo.com/u/page/follow/4008912890?relate=fans;https://www.weibo.com/u/page/visit/4008912890;https://www.weibo.com/u/page/fav/4008912890;https://www.weibo.com/u/page/like/4008912890;https://me.weibo.com/;https://www.weibo.com/u/page/follow/4008912890?relate=fans;https://www.weibo.com/u/page/follow/4008912890?relate=;https://api.weibo.com/chat/#/chat?to_uid=4008912890&source_from=;https://weibo.com/u/4008912890;https://weibo.com/u/4008912890;https://weibo.com/4008912890/QErIXmbUw;https://weibo.com/u/4008912890;https://weibo.com/u/4008912890;https://weibo.com/4008912890/QEtZ07I0C;https://s.weibo.com/weibo?q=%23%E5%86%8D%E6%9C%89%E6%B6%88%E6%81%AF%E5%B0%B1%E6%98%AF%E8%A6%81%E7%BB%93%E5%A9%9A%E4%BA%86%23;https://weibo.com/u/4008912890;https://weibo.com/u/4008912890;https://weibo.com/4008912890/QEtWE0vKE;https://s.weibo.com/weibo?q=%23%E7%B2%BE%E7%A5%9E%E7%97%85%E9%99%A2%E7%82%92%E8%82%A1%E7%82%92%E6%88%90%E5%85%AC%E5%8F%B8%E5%89%8D%E5%8D%81%E5%A4%A7%E8%82%A1%E4%B8%9C%23;https://weibo.com/u/4008912890;https://weibo.com/u/4008912890;https://weibo.com/4008912890/QEtatt7XT;https://s.weibo.com/weibo?q=%23%E4%BB%8A%E6%97%A5%E8%A7%82%E5%AF%9F%23;https://weibo.com/u/4008912890;https://weibo.com/u/4008912890;https://weibo.com/4008912890/QEstPftqo;https://s.weibo.com/weibo?q=%23%E7%8C%AB%E5%B8%AE%E6%88%91%E6%8F%90%E4%BA%86%E7%A6%BB%E8%81%8C%23;https://weibo.com/u/4008912890;https://weibo.com/u/4008912890;https://weibo.com/4008912890/QEstK6ov9;https://s.weibo.com/weibo?q=%23%E4%BA%94%E4%B8%80%E6%B6%88%E8%B4%B9%E6%BD%9C%E5%8A%9B%E5%85%85%E5%88%86%E9%87%8A%E6%94%BE%23;https://weibo.com/u/4008912890;https://weibo.com/u/4008912890;https://weibo.com/4008912890/QEsr1Dd1e;https://s.weibo.com/weibo?q=%23%E4%B8%AD%E5%9B%BD%E7%94%B7%E5%9B%A2vs%E9%9F%A9%E5%9B%BD%23;https://weibo.com/u/4008912890;https://weibo.com/u/4008912890;https://weibo.com/4008912890/QEsi0rhsA;https://s.weibo.com/weibo?q=%23%E6%A6%B4%E8%8E%B2%E4%BB%85%E9%80%80%E6%AC%BE%E4%B9%B0%E5%AE%B6%E5%8F%91%E5%A3%B0%23;https://weibo.com/u/4008912890;https://weibo.com/u/4008912890;https://weibo.com/4008912890/QErNwAWUk;https://s.weibo.com/weibo?q=%23%E6%A6%B4%E8%8E%B2%E4%BB%85%E9%80%80%E6%AC%BE%E4%B9%B0%E5%AE%B6%E5%8F%91%E5%A3%B0%23","simple_visible_capture"
"2026-05-09T04:41:48.624Z","热搜 - 微博","https://www.weibo.com/hot/search","1","","","","1 推荐 热门推荐 热门榜单 微博热搜 我的 热搜 文娱 生活 社会 5 救救跑男 热 1080194 24 偏偏宠爱 宋威龙包上恩 361185 25 田曦薇 刘海 359542 26 多国网友力挺中国拒世界杯天价转播权 新 343568 27 阿信感谢王俊凯 新 336880 28 英伟达新技术翻车 329576 29 李金铭答应没事多出来互动 新 324247 30 王暖暖差点没抢救回来 新 316660 31 李现是张婧仪的站姐吧 310257 32 浪姐三公已经彩排三次了 新 287140 33 香港警方解密湾仔双尸案 243121 34 跑男新一期收视率创新低 229521 35 商场的镜子会骗人 新 214282 36 马刺vs森林狼 新 214148 37 尚界Z7挑战世界落差最高山路 新 211254 38 时代姐妹花4个人有3个群 新 208787 39 13岁女孩沉迷二次元花光家里18万 新 199904 40 中国地铁被谬认为日本还在发生 197273 41 小米高管回应保时捷纽北超越SU7 192604 42 尘白禁区退钱 新 185784 43 南京这下真要变徽京了 新 169451 44 男子杀15岁少女弃尸和妻子外出吃饭 新 164230 45 文佳煐第一位95后韩国三大影后 157309 46 余华真的读得全身发抖吗 155023 47 DRG老板道歉 151072 48 12名农民工遭车位抵薪32万元 149522 49 网红七七搭档刘敏涛演戏 149046 50 8名中国人赴泰私拍短剧被逮捕 新 145256 没有更多内容了","https://www.weibo.com/;https://www.weibo.com/;https://www.weibo.com/hot;https://www.weibo.com/tv;https://www.weibo.com/at/weibo;https://www.weibo.com/u/4008912890;https://www.weibo.com/hot/weibo/1028039999;https://www.weibo.com/hot/list/1028039999;https://www.weibo.com/hot/mine;https://www.weibo.com/hot/search;https://www.weibo.com/hot/entertainment;https://www.weibo.com/hot/life;https://www.weibo.com/hot/social;https://s.weibo.com/weibo?q=%23%E6%95%91%E6%95%91%E8%B7%91%E7%94%B7%23&t=31;https://s.weibo.com/weibo?q=%E5%81%8F%E5%81%8F%E5%AE%A0%E7%88%B1%20%E5%AE%8B%E5%A8%81%E9%BE%99%E5%8C%85%E4%B8%8A%E6%81%A9&t=31;https://s.weibo.com/weibo?q=%E7%94%B0%E6%9B%A6%E8%96%87%20%E5%88%98%E6%B5%B7&t=31;https://s.weibo.com/weibo?q=%23%E5%A4%9A%E5%9B%BD%E7%BD%91%E5%8F%8B%E5%8A%9B%E6%8C%BA%E4%B8%AD%E5%9B%BD%E6%8B%92%E4%B8%96%E7%95%8C%E6%9D%AF%E5%A4%A9%E4%BB%B7%E8%BD%AC%E6%92%AD%E6%9D%83%23&t=31;https://s.weibo.com/weibo?q=%23%E9%98%BF%E4%BF%A1%E6%84%9F%E8%B0%A2%E7%8E%8B%E4%BF%8A%E5%87%AF%23&t=31;https://s.weibo.com/weibo?q=%23%E8%8B%B1%E4%BC%9F%E8%BE%BE%E6%96%B0%E6%8A%80%E6%9C%AF%E7%BF%BB%E8%BD%A6%23&t=31;https://s.weibo.com/weibo?q=%23%E6%9D%8E%E9%87%91%E9%93%AD%E7%AD%94%E5%BA%94%E6%B2%A1%E4%BA%8B%E5%A4%9A%E5%87%BA%E6%9D%A5%E4%BA%92%E5%8A%A8%23&t=31;https://s.weibo.com/weibo?q=%23%E7%8E%8B%E6%9A%96%E6%9A%96%E5%B7%AE%E7%82%B9%E6%B2%A1%E6%8A%A2%E6%95%91%E5%9B%9E%E6%9D%A5%23&t=31;https://s.weibo.com/weibo?q=%23%E6%9D%8E%E7%8E%B0%E6%98%AF%E5%BC%A0%E5%A9%A7%E4%BB%AA%E7%9A%84%E7%AB%99%E5%A7%90%E5%90%A7%23&t=31;https://s.weibo.com/weibo?q=%23%E6%B5%AA%E5%A7%90%E4%B8%89%E5%85%AC%E5%B7%B2%E7%BB%8F%E5%BD%A9%E6%8E%92%E4%B8%89%E6%AC%A1%E4%BA%86%23&t=31;https://s.weibo.com/weibo?q=%23%E9%A6%99%E6%B8%AF%E8%AD%A6%E6%96%B9%E8%A7%A3%E5%AF%86%E6%B9%BE%E4%BB%94%E5%8F%8C%E5%B0%B8%E6%A1%88%23&t=31;https://s.weibo.com/weibo?q=%23%E8%B7%91%E7%94%B7%E6%96%B0%E4%B8%80%E6%9C%9F%E6%94%B6%E8%A7%86%E7%8E%87%E5%88%9B%E6%96%B0%E4%BD%8E%23&t=31;https://s.weibo.com/weibo?q=%E5%95%86%E5%9C%BA%E7%9A%84%E9%95%9C%E5%AD%90%E4%BC%9A%E9%AA%97%E4%BA%BA&t=31;https://s.weibo.com/weibo?q=%E9%A9%AC%E5%88%BAvs%E6%A3%AE%E6%9E%97%E7%8B%BC&t=31;https://s.weibo.com/weibo?q=%23%E5%B0%9A%E7%95%8CZ7%E6%8C%91%E6%88%98%E4%B8%96%E7%95%8C%E8%90%BD%E5%B7%AE%E6%9C%80%E9%AB%98%E5%B1%B1%E8%B7%AF%23&t=31;https://s.weibo.com/weibo?q=%23%E6%97%B6%E4%BB%A3%E5%A7%90%E5%A6%B9%E8%8A%B14%E4%B8%AA%E4%BA%BA%E6%9C%893%E4%B8%AA%E7%BE%A4%23&t=31;https://s.weibo.com/weibo?q=%2313%E5%B2%81%E5%A5%B3%E5%AD%A9%E6%B2%89%E8%BF%B7%E4%BA%8C%E6%AC%A1%E5%85%83%E8%8A%B1%E5%85%89%E5%AE%B6%E9%87%8C18%E4%B8%87%23&t=31;https://s.weibo.com/weibo?q=%23%E4%B8%AD%E5%9B%BD%E5%9C%B0%E9%93%81%E8%A2%AB%E8%B0%AC%E8%AE%A4%E4%B8%BA%E6%97%A5%E6%9C%AC%E8%BF%98%E5%9C%A8%E5%8F%91%E7%94%9F%23&t=31;https://s.weibo.com/weibo?q=%23%E5%B0%8F%E7%B1%B3%E9%AB%98%E7%AE%A1%E5%9B%9E%E5%BA%94%E4%BF%9D%E6%97%B6%E6%8D%B7%E7%BA%BD%E5%8C%97%E8%B6%85%E8%B6%8ASU7%23&t=31;https://s.weibo.com/weibo?q=%E5%B0%98%E7%99%BD%E7%A6%81%E5%8C%BA%E9%80%80%E9%92%B1&t=31;https://s.weibo.com/weibo?q=%23%E5%8D%97%E4%BA%AC%E8%BF%99%E4%B8%8B%E7%9C%9F%E8%A6%81%E5%8F%98%E5%BE%BD%E4%BA%AC%E4%BA%86%23&t=31;https://s.weibo.com/weibo?q=%23%E7%94%B7%E5%AD%90%E6%9D%8015%E5%B2%81%E5%B0%91%E5%A5%B3%E5%BC%83%E5%B0%B8%E5%92%8C%E5%A6%BB%E5%AD%90%E5%A4%96%E5%87%BA%E5%90%83%E9%A5%AD%23&t=31;https://s.weibo.com/weibo?q=%23%E6%96%87%E4%BD%B3%E7%85%90%E7%AC%AC%E4%B8%80%E4%BD%8D95%E5%90%8E%E9%9F%A9%E5%9B%BD%E4%B8%89%E5%A4%A7%E5%BD%B1%E5%90%8E%23&t=31;https://s.weibo.com/weibo?q=%E4%BD%99%E5%8D%8E%E7%9C%9F%E7%9A%84%E8%AF%BB%E5%BE%97%E5%85%A8%E8%BA%AB%E5%8F%91%E6%8A%96%E5%90%97&t=31;https://s.weibo.com/weibo?q=%23DRG%E8%80%81%E6%9D%BF%E9%81%93%E6%AD%89%23&t=31;https://s.weibo.com/weibo?q=%2312%E5%90%8D%E5%86%9C%E6%B0%91%E5%B7%A5%E9%81%AD%E8%BD%A6%E4%BD%8D%E6%8A%B5%E8%96%AA32%E4%B8%87%E5%85%83%23&t=31;https://s.weibo.com/weibo?q=%23%E7%BD%91%E7%BA%A2%E4%B8%83%E4%B8%83%E6%90%AD%E6%A1%A3%E5%88%98%E6%95%8F%E6%B6%9B%E6%BC%94%E6%88%8F%23&t=31;https://s.weibo.com/weibo?q=%238%E5%90%8D%E4%B8%AD%E5%9B%BD%E4%BA%BA%E8%B5%B4%E6%B3%B0%E7%A7%81%E6%8B%8D%E7%9F%AD%E5%89%A7%E8%A2%AB%E9%80%AE%E6%8D%95%23&t=31","simple_visible_capture"
"2026-05-09T04:50:06.855Z","微博正文 - 微博","https://weibo.com/5242381821/QExrq2nkz","1","","#奔跑吧#;#奔跑吧14#","","1 首页 全部关注 最新微博 特别关注 好友圈 自定义分组 管理 名人明星 同事 同学 悄悄关注 返回 奔跑吧 公开 奔跑吧 26-5-9 11:54 已编辑 关注 #奔跑吧# #奔跑吧14# ☝️ ​​​ 收起 旋转 查看大图 496 889 1.3万 分享这条博文 同时转发 评论 按热度 按时间 立个秋秋 : 26-5-9 13:43 来自湖北 是十七啊啊啊啊啊 :永远支持张真源精彩表现💚💚💚永远支持奔跑吧火爆常青💚💚💚 26-5-9 13:26 来自湖北 1 鹿眠星野0923 :🩵🩵🩵期待【完美常驻MC＆全能综艺女王】👑【顶级扛剧扛招商流量花】🌸【cvb901台网双爆国民女演员】白鹿🔥@白鹿my 🩵期待🐧待播古装剧《莫离》骊山天才传人叶璃！ 26-5-9 13:21 来自重庆 妍权主义 :🩵🩵🩵燥候【完美常驻MC＆全能综艺女王】👑【顶级扛剧扛招商流量花】🌸【cvb901台网双爆国民女演员】白鹿🔥@白鹿my 🩵期待🐧待播古装剧《莫离》骊山天才传人叶璃！ 26-5-9 13:20 来自辽宁 失眠芋泥牛角包 :🟢💚期待张真源，和张真源一起奔跑❇️【青春风暴·唱演俱佳】🟩@时代少年团-张真源 ✳️炽热开嗓🎤⭕️《Someone Like You》⭕️颠覆固有感官✅畅销推荐双TOP1🔝‼️🟢主流推荐热度高涨🟩歌声作伴奔跑向前💚黑豹少年势不可挡。💚🟢 26-5-9 13:10 来自江苏 小橘戳戳脸 :感谢 26-5-9 12:55 来自四川 妍栀雨麂 :💙顶级扛剧扛招商扛收视扛综艺全方位完美流量花演员白鹿伟大🔥期待爆剧女王白鹿待播剧《莫离》叶璃🍐離山书院嫡传弟子✨️精通百艺的全能玩家💎步步为营的复仇棋手⚖️安慕希快来助力支持代言人白鹿绝佳好剧💙 26-5-9 12:46 来自四川 妍栀雨麂 :@奔跑吧 26-5-9 12:46 来自四川 愿我们的未来都可以越来越好 :不需要质疑啊，我们就是那么厉害 26-5-9 12:45 来自广东 赫映清月 :干的漂亮 26-5-9 12:45 来自新疆 1 lyydmmjdy :还得是你跑男 26-5-9 12:43 来自广东 1 所有的爱情都失去了理智 :成绩太好了吧，非常厉害 26-5-9 12:37 来自广东 绵软时钟 :继续加油冲冲冲 26-5-9 12:34 来自湖南 讨厌PorkDumplings :听到没@奔跑吧 //@多妍少盐_my:好好对待唯一常驻女MC白鹿 26-5-9 12:33 来自安徽 昵称凭啥告诉你 :昨晚跑男很好看，大勋好可爱 26-5-9 12:30 来自辽宁 桃鹿清愿 :爽之 26-5-9 12:21 来自广东 茉莉奶绿不隔夜 :？ 26-5-9 12:07 来自江西 _松鼠眨眨眼 :❇️🔋【高光制造者·艺能满分】@时代少年团-张真源 🐿️❇️国民级综艺《奔跑吧》常驻MC💚以少年朝气领跑🏃🏻凭真诚亲和圈粉，吸引大众目光🔋❇️ 26-5-9 12:07 来自云南 脏脏脏呼安 :对张真源好点 26-5-9 12:07 来自重庆 数码小欣 :哇哦 26-5-9 12:04 来自上海 天使派我来守护你oO : 26-5-9 12:02 来自江苏","https://weibo.com/;https://weibo.com/;https://weibo.com/hot;https://weibo.com/tv;https://weibo.com/at/weibo;https://weibo.com/u/4008912890;https://weibo.com/;https://weibo.com/mygroups?gid=110004008912890;https://weibo.com/mygroups?gid=5260773091182362;https://weibo.com/mygroups?gid=100094008912890;https://weibo.com/mygroups?gid=5260773091182365;https://weibo.com/mygroups?gid=5260773091182366;https://weibo.com/mygroups?gid=5260773091182367;https://weibo.com/mygroups?gid=100054008912890;https://weibo.com/u/5242381821;https://weibo.com/u/5242381821;https://s.weibo.com/weibo?q=%23%E7%BB%BF%E6%A4%8D%E9%A2%86%E5%85%BB%23;https://weibo.com/5242381821/QExrq2nkz;https://s.weibo.com/weibo?q=%23%E5%A5%94%E8%B7%91%E5%90%A7%23;https://s.weibo.com/weibo?q=%23%E5%A5%94%E8%B7%91%E5%90%A714%23;https://weibo.com/u/7484656818;https://weibo.com/u/7484656818;https://weibo.com/u/2003248673;https://weibo.com/u/2003248673;https://page.star.weibo.com/z/bigFans?showmenu=0&blogger_uid=5242381821&fans_uid=2003248673;https://weibo.com/u/7685994883;https://weibo.com/u/7685994883;https://weibo.com/n/%E7%99%BD%E9%B9%BFmy;https://weibo.com/u/7761261778;https://weibo.com/u/7761261778;https://weibo.com/n/%E7%99%BD%E9%B9%BFmy;https://weibo.com/u/6597967566;https://weibo.com/u/6597967566;https://weibo.com/n/%E6%97%B6%E4%BB%A3%E5%B0%91%E5%B9%B4%E5%9B%A2-%E5%BC%A0%E7%9C%9F%E6%BA%90;https://weibo.com/u/7738951468;https://weibo.com/u/7738951468;https://page.star.weibo.com/z/bigFans?showmenu=0&blogger_uid=5242381821&fans_uid=7738951468;https://weibo.com/u/7862199273;https://weibo.com/u/7862199273;https://page.star.weibo.com/z/bigFans?showmenu=0&blogger_uid=5242381821&fans_uid=7862199273;https://weibo.com/u/7862199273;https://page.star.weibo.com/z/bigFans?showmenu=0&blogger_uid=5242381821&fans_uid=7862199273;https://weibo.com/n/%E5%A5%94%E8%B7%91%E5%90%A7;https://weibo.com/u/7952081118;https://weibo.com/u/7952081118;https://page.star.weibo.com/z/bigFans?showmenu=0&blogger_uid=5242381821&fans_uid=7952081118;https://weibo.com/u/6876019687;https://weibo.com/u/6876019687;https://page.star.weibo.com/z/bigFans?showmenu=0&blogger_uid=5242381821&fans_uid=6876019687;https://weibo.com/u/7219075093;https://weibo.com/u/7219075093;https://page.star.weibo.com/z/bigFans?showmenu=0&blogger_uid=5242381821&fans_uid=7219075093;https://weibo.com/u/7957680987;https://weibo.com/u/7957680987;https://page.star.weibo.com/z/bigFans?showmenu=0&blogger_uid=5242381821&fans_uid=7957680987;https://weibo.com/u/7958233134;https://weibo.com/u/7958233134;https://page.star.weibo.com/z/bigFans?showmenu=0&blogger_uid=5242381821&fans_uid=7958233134;https://weibo.com/u/2104941095;https://weibo.com/u/2104941095;https://page.star.weibo.com/z/bigFans?showmenu=0&blogger_uid=5242381821&fans_uid=2104941095;https://weibo.com/n/%E5%A5%94%E8%B7%91%E5%90%A7;https://weibo.com/n/%E5%A4%9A%E5%A6%8D%E5%B0%91%E7%9B%90_my;https://weibo.com/u/1764988485;https://weibo.com/u/1764988485;https://page.star.weibo.com/z/bigFans?showmenu=0&blogger_uid=5242381821&fans_uid=1764988485;https://weibo.com/u/5885343016;https://weibo.com/u/5885343016;https://page.star.weibo.com/z/bigFans?showmenu=0&blogger_uid=5242381821&fans_uid=5885343016;https://weibo.com/u/7646251033;https://weibo.com/u/7646251033;https://page.star.weibo.com/z/bigFans?showmenu=0&blogger_uid=5242381821&fans_uid=7646251033;https://weibo.com/u/7810447847;https://weibo.com/u/7810447847;https://page.star.weibo.com/z/bigFans?showmenu=0&blogger_uid=5242381821&fans_uid=7810447847;https://weibo.com/n/%E6%97%B6%E4%BB%A3%E5%B0%91%E5%B9%B4%E5%9B%A2-%E5%BC%A0%E7%9C%9F%E6%BA%90;https://weibo.com/u/7381708859;https://weibo.com/u/7381708859;https://page.star.weibo.com/z/bigFans?showmenu=0&blogger_uid=5242381821&fans_uid=7381708859;https://weibo.com/u/7488541753;https://weibo.com/u/7488541753;https://page.star.weibo.com/z/bigFans?showmenu=0&blogger_uid=5242381821&fans_uid=7488541753;https://weibo.com/u/7597062604;https://weibo.com/u/7597062604;https://page.star.weibo.com/z/bigFans?showmenu=0&blogger_uid=5242381821&fans_uid=7597062604","simple_visible_capture"
"2026-05-09T04:50:41.466Z","微博正文 - 微博","https://weibo.com/6418480627/QEwCh3x1V","1","","#王暖暖回应被送医抢救#;#王暖暖拍摄时突然倒地#","","1 首页 全部关注 最新微博 特别关注 好友圈 自定义分组 管理 名人明星 同事 同学 悄悄关注 返回 星视频 公开 星视频 26-5-9 09:48 来自 微博视频号 关注 【#王暖暖回应被送医抢救# 】#王暖暖拍摄时突然倒地# 5月8日，“中国孕妇泰国坠崖案”当事人@王暖暖summer 发布在医院抢救视频引发关注，5月9日凌晨，王暖暖发布事发经过视频，发文：持续失眠，此刻头痛欲裂。我从现场工作人员和围观粉丝手中收集到了一些拍摄素材，一点点拼凑出了昨天那场可怕的经历——当时的状况远比感受中更严重。在惊厥失去意识后，我出现了呼吸困难、剧烈抽搐以及喷射状呕吐。在那些瞬间，我感到极度的无助与无力，身体完全不受控制，一种强烈的濒死感席卷而来。视频中正在互动表演配合拍摄的她突然倒地，工作人员立即拨打120，王暖暖随即被紧急送往医院。 星视频的微博视频 播放视频 00:40 98.3万次观看 85 289 6853 分享这条博文 同时转发 评论 按热度 按时间 微博智搜 :王暖暖（“中国孕妇泰国坠崖案”当事人）于2026年5月8日拍摄时突发身体不适后倒地，出现呼吸困难、抽搐呕吐并昏迷，现场人员紧急呼叫120送医抢救。她于次日凌晨发布视频称持续失眠、头痛欲裂，并描述事发时濒死感强烈，视频素材显示其失去意识后情况...查看全部戳->微博智搜 26-5-9 11:43 来自微博智搜AI生成 4 潋滟嫣然:经历过那么可怕的精神和身体的双重伤害，再好的身体也掏空了，后续真的要有人在身边照顾她，好好休息养。 26-5-9 11:25 来自日本 930 洋洋小提琴江海:其实主动离开公众视野一段时间是最好的 26-5-9 11:42 来自浙江 144 Z七月玫瑰shaye:她需要钱继续后续治疗 26-5-9 12:06 来自广西 77 共24条回复 蔷薇与猛虎呢:她真的是从地狱里爬回来的，身体心理的双重极致打击，希望她将来顺顺利利 26-5-9 11:44 来自上海 412 Zoe的小围脖:时不时提下，流量玩明白了 26-5-9 11:26 来自陕西 292 小胖吃不胖stone:那咋了，就算是玩，那也是在时时刻刻提醒女性不要轻易步入婚姻，认清男人 26-5-9 11:31 来自河南 951 欧耶咚咚发疯:为什么不能提 26-5-9 11:39 来自广东 393 共105条回复 一七看日落ba:焦虑抑郁引起的惊恐发作 26-5-9 11:35 来自山东 177 飞翔的小妞洋:你是懂的，人越多会越难受 26-5-9 12:27 来自天津 20 流浪的小羊_8:是的 26-5-9 12:17 来自山东 2 共6条回复 冉云依:可能她的工作需要曝光，需要流量，所以一直在参加一些公众活动。但单纯对于病情来说，还是过田园生活，慢节奏，才能更好的滋养自己。她现在的生活，还是太透支身体了。而且这个病容易反复发作，不能受刺激。 26-5-9 11:45 来自陕西 109 我是你爹的奶奶:说不定这次也是公司炒作，为了流量啥都能干 26-5-9 13:20 来自江苏 3 共7条回复 Mr_李浩铭 :看着摔倒的时候很假啊 26-5-9 11:42 来自河南 73 小安亦安 :不敢说，其实有点假了 26-5-9 11:55 来自山东 33 yylht7056:你内心很黑暗啊 26-5-9 13:09 来自北京 13 共25条回复 雪儿-妍妍:焦虑惊恐症愿早日康复 26-5-9 11:42 来自湖北 19 我不是乖乖女a:很难的要很久。她身体遭受过重创，然后心里也遭受创伤。已经有ptsd了，要持续做心理疏导才行。但现在的心理疏导又很贵。我也是去年被渣男伤害，心脉受损，ptsd。本身就有重度抑郁，重度焦虑。晚上失眠睡不着，医生开了几种安眠药给我都没用。所以我妈现在说你把你自己活开心就好，什么都不要想 26-5-9 12:24 来自广西 5 SBWB我回来了:我觉得她比较适合转幕后了，做做管理就好，这么拼一般人身体都吃不消 26-5-9 12:07 来自江苏 26 香港老兔子:梅长苏（林殊）的创伤应激障碍属于心理创伤，身体的伤可以治疗，心理创伤只能靠自己慢慢克服。 26-5-9 11:47 来自广东 19 桃花小主的微博:形容贴切 26-5-9 12:40 来自安徽 2 玉莹_淑宁:心理创伤没治愈，应该是有很大的心理阴影 26-5-9 12:06 来自北京 9 123佳456佳789 :啥情况啊？这么严重 26-5-9 11:19 来自湖南 7 禾曰湘:伤痛是一辈子的 26-5-9 12:22 来自河北 5 WHQ万合群:最坚强的女子，希望健康 26-5-9 12:12 来自湖北 6 小溪远去: 26-5-9 13:28 来自广东 1 专注做一名吃瓜博主 :精神男人 26-5-9 11:40 来自陕西 用户不可查hh: 26-5-9 13:46 来自河南 一叶知秋kable:别是动脉瘤破裂啊…… 26-5-9 13:02 来自山东 真正的酸甜可乐:健康最重要🙏 26-5-9 12:18 来自江苏 宝宝是可儿 :加油！早日康复，把那些噩梦都忘掉！ 26-5-9 11:56 来自四川 杆杆ACAE:摔倒的时候明显控制自己了 26-5-9 12:08 来自辽宁 1 演员_王文:炒作 别被骗了 就说到这儿 信不信由你们 26-5-9 13:02 来自辽宁 谛妶:之前身体透支太大了 底子就不好了 26-5-9 12:58 来自浙江 海霞姐69:焦虑症躯体化惊悚发作 26-5-9 12:03 来自广东","https://weibo.com/;https://weibo.com/;https://weibo.com/hot;https://weibo.com/tv;https://weibo.com/at/weibo;https://weibo.com/u/4008912890;https://weibo.com/;https://weibo.com/mygroups?gid=110004008912890;https://weibo.com/mygroups?gid=5260773091182362;https://weibo.com/mygroups?gid=100094008912890;https://weibo.com/mygroups?gid=5260773091182365;https://weibo.com/mygroups?gid=5260773091182366;https://weibo.com/mygroups?gid=5260773091182367;https://weibo.com/mygroups?gid=100054008912890;https://weibo.com/u/6418480627;https://weibo.com/u/6418480627;https://weibo.com/6418480627/QEwCh3x1V;https://s.weibo.com/weibo?q=%23%E7%8E%8B%E6%9A%96%E6%9A%96%E5%9B%9E%E5%BA%94%E8%A2%AB%E9%80%81%E5%8C%BB%E6%8A%A2%E6%95%91%23;https://s.weibo.com/weibo?q=%23%E7%8E%8B%E6%9A%96%E6%9A%96%E6%8B%8D%E6%91%84%E6%97%B6%E7%AA%81%E7%84%B6%E5%80%92%E5%9C%B0%23;https://weibo.com/n/%E7%8E%8B%E6%9A%96%E6%9A%96summer;https://video.weibo.com/show?fid=1034:5296584540225548;https://weibo.com/u/7892270010;https://weibo.com/u/7892270010;https://ai.s.weibo.com/api/chat/pm/private_comment.json?ext=%7B%22mid%22%3A%20%225296585010841955%22%2C%20%22mid_uid%22%3A%206418480627%2C%20%22verification_page_id%22%3A%20%22%22%2C%20%22cid%22%3A%20%22%22%2C%20%22comment_page_id%22%3A%20%22232964700688a75c4f93bf6e66e68603481ce5%22%2C%20%22is_positivity%22%3A%203%2C%20%22ts%22%3A%201778294602%2C%20%22reply_type%22%3A%202%7D;https://weibo.com/u/2828553531;https://weibo.com/u/2828553531;https://weibo.com/u/7722453373;https://weibo.com/u/2813945200;https://weibo.com/u/3167321943;https://weibo.com/u/3167321943;https://weibo.com/u/7805230772;https://weibo.com/u/7805230772;https://weibo.com/u/7477315516;https://weibo.com/u/7850814766;https://weibo.com/u/1733718105;https://weibo.com/u/1733718105;https://weibo.com/u/5694929289;https://weibo.com/u/6978748555;https://weibo.com/u/3192035933;https://weibo.com/u/3192035933;https://weibo.com/u/7787233905;https://weibo.com/u/3907998877;https://weibo.com/u/3907998877;https://page.star.weibo.com/z/bigFans?showmenu=0&blogger_uid=6418480627&fans_uid=3907998877;https://weibo.com/u/7901469433;https://page.star.weibo.com/z/bigFans?showmenu=0&blogger_uid=6418480627&fans_uid=7901469433;https://weibo.com/u/1942282562;https://weibo.com/u/2676109195;https://weibo.com/u/2676109195;https://weibo.com/u/2967269924;https://weibo.com/u/6250696915;https://weibo.com/u/6250696915;https://weibo.com/u/6572500199;https://weibo.com/u/6572500199;https://weibo.com/u/6442143273;https://weibo.com/u/5630361911;https://weibo.com/u/5630361911;https://weibo.com/u/1220848005;https://weibo.com/u/1220848005;https://page.star.weibo.com/z/bigFans?showmenu=0&blogger_uid=6418480627&fans_uid=1220848005;https://weibo.com/u/2183542257;https://weibo.com/u/2183542257;https://weibo.com/u/6097301659;https://weibo.com/u/6097301659;https://weibo.com/u/7595478033;https://weibo.com/u/7595478033;https://weibo.com/u/1792125593;https://weibo.com/u/1792125593;https://weibo.com/u/7743099086;https://weibo.com/u/7743099086;https://weibo.com/u/1900324847;https://weibo.com/u/1900324847;https://weibo.com/u/1217342911;https://weibo.com/u/1217342911;https://weibo.com/u/5687427603;https://weibo.com/u/5687427603;https://page.star.weibo.com/z/bigFans?showmenu=0&blogger_uid=6418480627&fans_uid=5687427603;https://weibo.com/u/5963452644;https://weibo.com/u/5963452644;https://weibo.com/u/1835568674;https://weibo.com/u/1835568674;https://weibo.com/u/2651969720;https://weibo.com/u/2651969720;https://weibo.com/u/5459035329;https://weibo.com/u/5459035329","simple_visible_capture"
"2026-05-09T04:51:28.669Z","微博正文 - 微博","https://weibo.com/6260534625/QEx5UiXBl","1","","#救救跑男#;#救救跑男#","","1 首页 全部关注 最新微博 特别关注 好友圈 自定义分组 管理 名人明星 同事 同学 悄悄关注 返回 追剧大赏 公开 追剧大赏 26-5-9 11:01 发布于 四川 来自 微博视频号 已编辑 关注 #救救跑男#跑男收视率创新低，都不看了吗，怎么才能救救跑男 追剧大赏的微博视频 ​​​ 播放视频 01:15 114万次观看 点赞是美意，赞赏是鼓励 为TA助威 216 1468 1.8万 分享这条博文 同时转发 评论 按热度 按时间 开心的球球好可爱 :导演，换人吧。 26-5-9 11:42 来自安徽 4 小雨在努力yyy :一，换人换剧本，演员选有喜感，国民度高的；换导演，目前这个导演只会上价值，拍不出什么搞笑的画面。 二，杜绝聊天慢悠悠的“走男”。以前的跑男多有速度，多有激情，游戏环节多么有趣，再看看现在的，毫无新意，简直成了大型饭圈。 其实跑男策划组的人也知道为什么收视率起不来，但是他们什么也改不了，现在是流量时代，流量为王。 #救救跑男# 收起 26-5-9 11:32 来自河北 3 Yy哈哈紫妹:芒果台都停综艺了 26-5-9 11:31 来自湖南 1 菜菜爱吃酸菜鱼2:救他干啥 白瞎初代那几年了 26-5-9 11:06 来自内蒙古 4 明予棠 :现在连奔跑吧都不配叫了，应该叫散步吧爱豆。还奔跑吧，哪奔跑了，拉完了 26-5-9 12:55 来自黑龙江 1 夏月曉風x :自从跑男不断换人之后，我就再也没看过了 也想去看，但就是看不下去 我还是喜欢当年宝宝，祖蓝他们都在的时候 那会真的很有意思，后面感觉就没有撕名牌的感觉了 没太多意思 26-5-9 12:50 来自山西 1 鸢是一只鸟:早就不看了 26-5-9 11:19 来自福建 2 油桃故事 :不救 26-5-9 13:48 来自山西 醉看繁花泪 :感觉就像一个公司开了个年会 26-5-9 13:46 来自广西 佛铃飞舞 :@奔跑吧 远离台，别把脏东西引进来，着力打造自己节目闪光点，加油吧，希望可以多看到笑破肚皮的精彩片段 26-5-9 13:40 来自北京 熬夜少女潘潘 :自从换了老成员都没怎么看过 26-5-9 13:37 来自广东 迷你渣渣子 :现在都不好看了 都快变成旅游节目了 也不刺激 也不热血 26-5-9 13:11 来自广东 cshszym :喜欢的照样会喜欢，节目做到14季实属不易，最近有些节奏实在不理解，有啥好喷的呢？ 26-5-9 13:10 来自山东 比卡丘ZX :买这种热搜太骚了 26-5-9 13:07 来自黑龙江 风中凌乱的帅比 :其实，跑男看的人很多，小朋友从过去小小的到长大了一直看，即便是换人了，对于有的人来说也不过是认识新人罢了。最近听说有人在计较初代，新代的什么的。计较这些做什么，每一期都很精彩，也希望一直持续下去，旧的退下了，那就让新鲜血液继续奔跑…听过主题曲吧，一路奔跑不停的RUN RUN RUN 26-5-9 13:06 来自浙江 温灼灼灼 :我姐被骂成这样我都不想看了看综艺本来是为了开心的，结果一个劲骂她让我怎么看的下去什么时候战火停息了我再看（贴脸反弹，快12年综艺老粉，10岁看跑男，我就是爱看白鹿） 26-5-9 13:06 来自江苏 夕阳Hunk :我说实话，这些人根本不会做综艺，我指的是整个团队！ 26-5-9 13:05 来自福建 leopoldzhang :作为追了10年的初代粉，现在的跑男也挺好看的啊 26-5-9 13:02 来自北京 HeartSinkzzzc :有点搞笑，明明比上一期高了 26-5-9 12:49 来自青海 7-LeBronJames :老成员回归，你看看收视率爆不爆吧 26-5-9 12:35 来自上海 L温暖的光Z :常驻请常驻 26-5-9 12:32 来自浙江","https://weibo.com/;https://weibo.com/;https://weibo.com/hot;https://weibo.com/tv;https://weibo.com/at/weibo;https://weibo.com/u/4008912890;https://weibo.com/;https://weibo.com/mygroups?gid=110004008912890;https://weibo.com/mygroups?gid=5260773091182362;https://weibo.com/mygroups?gid=100094008912890;https://weibo.com/mygroups?gid=5260773091182365;https://weibo.com/mygroups?gid=5260773091182366;https://weibo.com/mygroups?gid=5260773091182367;https://weibo.com/mygroups?gid=100054008912890;https://weibo.com/u/6260534625;https://weibo.com/u/6260534625;https://s.weibo.com/weibo?q=%23%E7%BB%BF%E6%A4%8D%E9%A2%86%E5%85%BB%23;https://weibo.com/6260534625/QEx5UiXBl;https://s.weibo.com/weibo?q=%23%E6%95%91%E6%95%91%E8%B7%91%E7%94%B7%23;https://video.weibo.com/show?fid=1034:5296609857044540;https://weibo.com/u/7896255075;https://weibo.com/u/7896255075;https://weibo.com/u/6895017709;https://weibo.com/u/6895017709;https://s.weibo.com/weibo?q=%23%E6%95%91%E6%95%91%E8%B7%91%E7%94%B7%23;https://weibo.com/u/7373111915;https://weibo.com/u/7373111915;https://weibo.com/u/6116749318;https://weibo.com/u/6116749318;https://weibo.com/u/7840622209;https://weibo.com/u/7840622209;https://weibo.com/u/5544379725;https://weibo.com/u/5544379725;https://weibo.com/u/5694950010;https://weibo.com/u/5694950010;https://weibo.com/u/6336686392;https://weibo.com/u/6336686392;https://weibo.com/u/7518587520;https://weibo.com/u/7518587520;https://weibo.com/u/1886723762;https://weibo.com/u/1886723762;https://weibo.com/n/%E5%A5%94%E8%B7%91%E5%90%A7;https://weibo.com/u/3226295480;https://weibo.com/u/3226295480;https://weibo.com/u/1875763843;https://weibo.com/u/1875763843;https://weibo.com/u/5119395931;https://weibo.com/u/5119395931;https://weibo.com/u/2727337851;https://weibo.com/u/2727337851;https://weibo.com/u/5051933527;https://weibo.com/u/5051933527;https://weibo.com/u/7334942853;https://weibo.com/u/7334942853;https://weibo.com/u/1678919620;https://weibo.com/u/1678919620;https://weibo.com/u/1727428497;https://weibo.com/u/1727428497;https://weibo.com/u/6532512734;https://weibo.com/u/6532512734;https://weibo.com/u/6451244013;https://weibo.com/u/6451244013;https://weibo.com/u/1044099125;https://weibo.com/u/1044099125","simple_visible_capture"
"2026-05-09T07:39:34.243Z","@今日有话直说 的个人主页","https://www.weibo.com/u/4008912890","1","","#世界杯转播权#;#很喜欢登机前的十分钟#;#王暖暖自曝长期遭MCN公司压榨#;#奔跑吧回应收视率低#;#王暖暖拍摄时突然倒地#;#ChatGPT的恐怖我后知后觉#;#皮皮虾事件游客已删除所有爆料内容#;#今日观察#","","个人主页 我的主页 我的关注 我的粉丝 我的经常访问 我的收藏 我的赞 创作者中心 返回 今日有话直说 今日有话直说 1粉丝 2关注 50转评赞 看见热点，也看见日常。整理信息，分享观察。 IP属地：韩国 精选 微博 相册 全部微博（19） 今日有话直说 1小时前 来自 iPhone 15 322 阅读 推广 #世界杯转播权# 这件事真正该看的，不是“到底看不看得上球”，而是顶级赛事的生意，不能永远把观众热情当提款机。 世界杯当然是超级 IP，球迷当然想看。但想看，不等于任何价格都该买单。转播权谈判本质上是商业谈判：赛事方有报价权，转播方也有算账权，最后买单的其实还是市场和观众。 如果价格高到离谱，最后压力不会凭空消失。要么转播平台承担，要么广告主承担，要么用户用会员、付费包、体验缩水来承担。所谓“天价版权”，听起来离普通人很远，最后往往还是落到普通观众身上。 好的体育商业，应该让赛事被更多人看见，而不是把热爱层层加价。球迷不是不尊重世界杯，只是不想被当成一张无限透支的信用卡。 你能接受世界杯付费观看吗？如果能，心理价位是多少？收起 转发 2 1 今日有话直说 1小时前 来自 iPhone 15 24 阅读 推广 #很喜欢登机前的十分钟# 这个热搜很妙，因为那十分钟像是生活里少见的“暂停键”。 工作消息暂时不用回，目的地还没真正抵达，身边的人都在等同一件事发生。你坐在那里，手机电量、登机口、行李箱、广播声，一切都很具体，但心反而松了一点。 很多人喜欢的不是登机本身，而是那种短暂脱离日常的感觉：还没开始奔波，也还不用面对结果。像人生偷偷给你塞了一小段空白，让你不用立刻扮演任何角色。 成年人太缺这种时间了。不是休假，不是摆烂，只是十分钟没人催你。 你最喜欢旅途里的哪个瞬间？登机前、起飞后、落地那一刻，还是一个人拖着箱子走出机场？收起 转发 评论 1 今日有话直说 1小时前 来自 iPhone 15 4538 阅读 推广 #王暖暖自曝长期遭MCN公司压榨# 这件事真正刺痛人的地方，是很多人都太熟悉这种“被安排到没有余地”的感觉。 表面上看，账号、直播、流量、商务，都是机会。但如果机会背后是持续透支，是身体报警也停不下来，那它就不只是工作强度问题，而是合作关系里谁拥有决定权的问题。 现在很多行业都喜欢讲“抓住窗口期”。可人的身体不是窗口期的一部分，不能为了热度一直硬撑。把一个人推到极限，再夸她敬业，这种叙事本身就很危险。 真正健康的合作，不该只看能榨出多少曝光，也要看人还能不能正常生活。 你觉得 MCN 和达人之间，最该被写清楚的是工作强度、分成比例，还是解约机制？收起 转发 评论 1 今日有话直说 1小时前 来自 iPhone 15 2863 阅读 推广 #奔跑吧回应收视率低# 其实老牌综艺最难的不是回应质疑，而是证明自己还真的“好看”。 观众现在很现实：你解释可以，你努力也可以，但最后还是要回到一个朴素问题：我点开这一期，到底有没有被逗笑、被打动、被留下？ 很多节目走到后面，最大的问题不是没钱、没人、没热搜，而是太熟练了。熟练到流程像复制，笑点像任务，嘉宾像在完成指标。观众当然会怀念过去，因为过去至少有一种“不知道下一秒会发生什么”的新鲜感。 回应收视率低不是坏事，说明节目组知道观众在看。但真正能救口碑的，不是再解释一轮，而是下一期让大家愿意自来水。 你觉得老牌综艺想翻身，最该换的是嘉宾、游戏，还是整套节目思路？收起 转发 1 1 今日有话直说 2小时前 来自 iPhone 15 4.2万 阅读 推广 #王暖暖拍摄时突然倒地# 这条热搜看着让人揪心，也提醒了一个很现实的问题：现在很多人不是不会休息，是根本不敢停。 直播、拍摄、工作排期，看起来是“机会多”，背后可能是长期透支。尤其公众人物的疲惫常常被包装成敬业，普通人的疲惫也经常被解释成“再坚持一下”。 但身体不会配合人设，也不会因为你还有工作没做完就自动加班。它真撑不住的时候，提醒往往来得很突然。 努力当然值得尊重，可把超负荷当常态，就不该被浪漫化。一个人能一直往前走，前提是还能好好站着。 你觉得现在最容易被忽视的身体警报是什么？失眠、心慌、长期疲惫，还是情绪突然崩掉？收起 转发 2 1 今日有话直说 2小时前 来自 iPhone 15 1.1万 阅读 推广 #ChatGPT的恐怖我后知后觉# 很多人第一次用 AI 的时候，感觉是“哇，好方便”。真正后知后觉的那一刻，是发现它不是替你做一道题，而是在重新定义“会做事”。 以前我们以为竞争是人和人比：谁写得快，谁查得准，谁总结得清楚。现在更像是人和“会用工具的人”比。差距不一定来自智商，而来自你会不会把问题拆明白、问清楚、验结果。 AI 最让人不安的地方，不是它突然像人，而是它把很多原本需要半天完成的工作，压缩成了几分钟。于是压力来了：如果工具变快了，人是不是也会被要求更快？ 所以真正该学的不是把 AI 当神，也不是把 AI 当敌人，而是学会三件事：提问、判断、负责。它能生成答案，但不能替你承担后果。 你第一次感觉 AI 有点“吓人”，是在哪个瞬间？收起 转发 3 1 今日有话直说 2小时前 来自 iPhone 15 1768 阅读 推广 #皮皮虾事件游客已删除所有爆料内容# 这类消费纠纷最值得提醒的一点是：删帖不等于真相自动反转，也不等于任何一方立刻“实锤”。 互联网看纠纷，最容易被第一波情绪带走。有人爆料，大家先愤怒；有人删帖，大家又立刻转向另一边。但真正该看的，始终不是谁声音更大，而是证据链够不够完整。 价格有没有明示？沟通有没有记录？商家有没有解释？游客有没有误解？平台和监管有没有介入？这些问题不弄清楚，评论区再热闹，也只是换个方向继续冲。 现在很多消费事件，前半段拼情绪，后半段拼证据。热搜可以快，但判断最好慢一点。 你觉得这类旅游消费纠纷，最该公开的是菜单价格、付款记录，还是双方沟通全过程？收起 转发 2 2 今日有话直说 16小时前 来自 iPhone 15 1.1万 阅读 推广 #今日观察# 今天几条热搜看下来，最明显的感受是：大家不是不关心大事，只是越来越需要把大事落回自己的生活里。 “仅退款”聊的是规则边界，“五一消费”聊的是钱花得值不值，“猫帮我提了离职”聊的是打工人的情绪出口。表面看都不一样，背后其实都在问同一件事：普通人在复杂生活里，怎么少一点消 ​​​ ...展开 转发 评论 1","https://www.weibo.com/;https://www.weibo.com/;https://www.weibo.com/hot;https://www.weibo.com/tv;https://www.weibo.com/at/weibo;https://www.weibo.com/u/4008912890;https://www.weibo.com/u/4008912890;https://www.weibo.com/u/page/follow/4008912890;https://www.weibo.com/u/page/follow/4008912890?relate=fans;https://www.weibo.com/u/page/visit/4008912890;https://www.weibo.com/u/page/fav/4008912890;https://www.weibo.com/u/page/like/4008912890;https://me.weibo.com/;https://www.weibo.com/u/page/follow/4008912890?relate=fans;https://www.weibo.com/u/page/follow/4008912890?relate=;https://api.weibo.com/chat/#/chat?to_uid=4008912890&source_from=;https://weibo.com/u/4008912890;https://weibo.com/u/4008912890;https://weibo.com/4008912890/QEyPy83QP;https://s.weibo.com/weibo?q=%23%E4%B8%96%E7%95%8C%E6%9D%AF%E8%BD%AC%E6%92%AD%E6%9D%83%23;https://weibo.com/u/4008912890;https://weibo.com/u/4008912890;https://weibo.com/4008912890/QEyMv2j73;https://s.weibo.com/weibo?q=%23%E5%BE%88%E5%96%9C%E6%AC%A2%E7%99%BB%E6%9C%BA%E5%89%8D%E7%9A%84%E5%8D%81%E5%88%86%E9%92%9F%23;https://weibo.com/u/4008912890;https://weibo.com/u/4008912890;https://weibo.com/4008912890/QEyMpguNb;https://s.weibo.com/weibo?q=%23%E7%8E%8B%E6%9A%96%E6%9A%96%E8%87%AA%E6%9B%9D%E9%95%BF%E6%9C%9F%E9%81%ADMCN%E5%85%AC%E5%8F%B8%E5%8E%8B%E6%A6%A8%23;https://weibo.com/u/4008912890;https://weibo.com/u/4008912890;https://weibo.com/4008912890/QEyMm8a4i;https://s.weibo.com/weibo?q=%23%E5%A5%94%E8%B7%91%E5%90%A7%E5%9B%9E%E5%BA%94%E6%94%B6%E8%A7%86%E7%8E%87%E4%BD%8E%23;https://weibo.com/u/4008912890;https://weibo.com/u/4008912890;https://weibo.com/4008912890/QEylw7GWB;https://s.weibo.com/weibo?q=%23%E7%8E%8B%E6%9A%96%E6%9A%96%E6%8B%8D%E6%91%84%E6%97%B6%E7%AA%81%E7%84%B6%E5%80%92%E5%9C%B0%23;https://weibo.com/u/4008912890;https://weibo.com/u/4008912890;https://weibo.com/4008912890/QEyl7EkVB;https://s.weibo.com/weibo?q=%23ChatGPT%E7%9A%84%E6%81%90%E6%80%96%E6%88%91%E5%90%8E%E7%9F%A5%E5%90%8E%E8%A7%89%23;https://weibo.com/u/4008912890;https://weibo.com/u/4008912890;https://weibo.com/4008912890/QEykkjF20;https://s.weibo.com/weibo?q=%23%E7%9A%AE%E7%9A%AE%E8%99%BE%E4%BA%8B%E4%BB%B6%E6%B8%B8%E5%AE%A2%E5%B7%B2%E5%88%A0%E9%99%A4%E6%89%80%E6%9C%89%E7%88%86%E6%96%99%E5%86%85%E5%AE%B9%23;https://weibo.com/u/4008912890;https://weibo.com/u/4008912890;https://weibo.com/4008912890/QEtatt7XT;https://s.weibo.com/weibo?q=%23%E4%BB%8A%E6%97%A5%E8%A7%82%E5%AF%9F%23","simple_visible_capture"
"2026-05-09T07:39:34.243Z","@今日有话直说 的个人主页","https://www.weibo.com/u/4008912890","1","","#世界杯转播权#;#很喜欢登机前的十分钟#;#王暖暖自曝长期遭MCN公司压榨#;#奔跑吧回应收视率低#;#王暖暖拍摄时突然倒地#;#ChatGPT的恐怖我后知后觉#;#皮皮虾事件游客已删除所有爆料内容#;#今日观察#","","个人主页 我的主页 我的关注 我的粉丝 我的经常访问 我的收藏 我的赞 创作者中心 返回 今日有话直说 今日有话直说 1粉丝 2关注 50转评赞 看见热点，也看见日常。整理信息，分享观察。 IP属地：韩国 精选 微博 相册 全部微博（19） 今日有话直说 1小时前 来自 iPhone 15 322 阅读 推广 #世界杯转播权# 这件事真正该看的，不是“到底看不看得上球”，而是顶级赛事的生意，不能永远把观众热情当提款机。 世界杯当然是超级 IP，球迷当然想看。但想看，不等于任何价格都该买单。转播权谈判本质上是商业谈判：赛事方有报价权，转播方也有算账权，最后买单的其实还是市场和观众。 如果价格高到离谱，最后压力不会凭空消失。要么转播平台承担，要么广告主承担，要么用户用会员、付费包、体验缩水来承担。所谓“天价版权”，听起来离普通人很远，最后往往还是落到普通观众身上。 好的体育商业，应该让赛事被更多人看见，而不是把热爱层层加价。球迷不是不尊重世界杯，只是不想被当成一张无限透支的信用卡。 你能接受世界杯付费观看吗？如果能，心理价位是多少？收起 转发 2 1 今日有话直说 1小时前 来自 iPhone 15 24 阅读 推广 #很喜欢登机前的十分钟# 这个热搜很妙，因为那十分钟像是生活里少见的“暂停键”。 工作消息暂时不用回，目的地还没真正抵达，身边的人都在等同一件事发生。你坐在那里，手机电量、登机口、行李箱、广播声，一切都很具体，但心反而松了一点。 很多人喜欢的不是登机本身，而是那种短暂脱离日常的感觉：还没开始奔波，也还不用面对结果。像人生偷偷给你塞了一小段空白，让你不用立刻扮演任何角色。 成年人太缺这种时间了。不是休假，不是摆烂，只是十分钟没人催你。 你最喜欢旅途里的哪个瞬间？登机前、起飞后、落地那一刻，还是一个人拖着箱子走出机场？收起 转发 评论 1 今日有话直说 1小时前 来自 iPhone 15 4538 阅读 推广 #王暖暖自曝长期遭MCN公司压榨# 这件事真正刺痛人的地方，是很多人都太熟悉这种“被安排到没有余地”的感觉。 表面上看，账号、直播、流量、商务，都是机会。但如果机会背后是持续透支，是身体报警也停不下来，那它就不只是工作强度问题，而是合作关系里谁拥有决定权的问题。 现在很多行业都喜欢讲“抓住窗口期”。可人的身体不是窗口期的一部分，不能为了热度一直硬撑。把一个人推到极限，再夸她敬业，这种叙事本身就很危险。 真正健康的合作，不该只看能榨出多少曝光，也要看人还能不能正常生活。 你觉得 MCN 和达人之间，最该被写清楚的是工作强度、分成比例，还是解约机制？收起 转发 评论 1 今日有话直说 1小时前 来自 iPhone 15 2863 阅读 推广 #奔跑吧回应收视率低# 其实老牌综艺最难的不是回应质疑，而是证明自己还真的“好看”。 观众现在很现实：你解释可以，你努力也可以，但最后还是要回到一个朴素问题：我点开这一期，到底有没有被逗笑、被打动、被留下？ 很多节目走到后面，最大的问题不是没钱、没人、没热搜，而是太熟练了。熟练到流程像复制，笑点像任务，嘉宾像在完成指标。观众当然会怀念过去，因为过去至少有一种“不知道下一秒会发生什么”的新鲜感。 回应收视率低不是坏事，说明节目组知道观众在看。但真正能救口碑的，不是再解释一轮，而是下一期让大家愿意自来水。 你觉得老牌综艺想翻身，最该换的是嘉宾、游戏，还是整套节目思路？收起 转发 1 1 今日有话直说 2小时前 来自 iPhone 15 4.2万 阅读 推广 #王暖暖拍摄时突然倒地# 这条热搜看着让人揪心，也提醒了一个很现实的问题：现在很多人不是不会休息，是根本不敢停。 直播、拍摄、工作排期，看起来是“机会多”，背后可能是长期透支。尤其公众人物的疲惫常常被包装成敬业，普通人的疲惫也经常被解释成“再坚持一下”。 但身体不会配合人设，也不会因为你还有工作没做完就自动加班。它真撑不住的时候，提醒往往来得很突然。 努力当然值得尊重，可把超负荷当常态，就不该被浪漫化。一个人能一直往前走，前提是还能好好站着。 你觉得现在最容易被忽视的身体警报是什么？失眠、心慌、长期疲惫，还是情绪突然崩掉？收起 转发 2 1 今日有话直说 2小时前 来自 iPhone 15 1.1万 阅读 推广 #ChatGPT的恐怖我后知后觉# 很多人第一次用 AI 的时候，感觉是“哇，好方便”。真正后知后觉的那一刻，是发现它不是替你做一道题，而是在重新定义“会做事”。 以前我们以为竞争是人和人比：谁写得快，谁查得准，谁总结得清楚。现在更像是人和“会用工具的人”比。差距不一定来自智商，而来自你会不会把问题拆明白、问清楚、验结果。 AI 最让人不安的地方，不是它突然像人，而是它把很多原本需要半天完成的工作，压缩成了几分钟。于是压力来了：如果工具变快了，人是不是也会被要求更快？ 所以真正该学的不是把 AI 当神，也不是把 AI 当敌人，而是学会三件事：提问、判断、负责。它能生成答案，但不能替你承担后果。 你第一次感觉 AI 有点“吓人”，是在哪个瞬间？收起 转发 3 1 今日有话直说 2小时前 来自 iPhone 15 1768 阅读 推广 #皮皮虾事件游客已删除所有爆料内容# 这类消费纠纷最值得提醒的一点是：删帖不等于真相自动反转，也不等于任何一方立刻“实锤”。 互联网看纠纷，最容易被第一波情绪带走。有人爆料，大家先愤怒；有人删帖，大家又立刻转向另一边。但真正该看的，始终不是谁声音更大，而是证据链够不够完整。 价格有没有明示？沟通有没有记录？商家有没有解释？游客有没有误解？平台和监管有没有介入？这些问题不弄清楚，评论区再热闹，也只是换个方向继续冲。 现在很多消费事件，前半段拼情绪，后半段拼证据。热搜可以快，但判断最好慢一点。 你觉得这类旅游消费纠纷，最该公开的是菜单价格、付款记录，还是双方沟通全过程？收起 转发 2 2 今日有话直说 16小时前 来自 iPhone 15 1.1万 阅读 推广 #今日观察# 今天几条热搜看下来，最明显的感受是：大家不是不关心大事，只是越来越需要把大事落回自己的生活里。 “仅退款”聊的是规则边界，“五一消费”聊的是钱花得值不值，“猫帮我提了离职”聊的是打工人的情绪出口。表面看都不一样，背后其实都在问同一件事：普通人在复杂生活里，怎么少一点消 ​​​ ...展开 转发 评论 1","https://www.weibo.com/;https://www.weibo.com/;https://www.weibo.com/hot;https://www.weibo.com/tv;https://www.weibo.com/at/weibo;https://www.weibo.com/u/4008912890;https://www.weibo.com/u/4008912890;https://www.weibo.com/u/page/follow/4008912890;https://www.weibo.com/u/page/follow/4008912890?relate=fans;https://www.weibo.com/u/page/visit/4008912890;https://www.weibo.com/u/page/fav/4008912890;https://www.weibo.com/u/page/like/4008912890;https://me.weibo.com/;https://www.weibo.com/u/page/follow/4008912890?relate=fans;https://www.weibo.com/u/page/follow/4008912890?relate=;https://api.weibo.com/chat/#/chat?to_uid=4008912890&source_from=;https://weibo.com/u/4008912890;https://weibo.com/u/4008912890;https://weibo.com/4008912890/QEyPy83QP;https://s.weibo.com/weibo?q=%23%E4%B8%96%E7%95%8C%E6%9D%AF%E8%BD%AC%E6%92%AD%E6%9D%83%23;https://weibo.com/u/4008912890;https://weibo.com/u/4008912890;https://weibo.com/4008912890/QEyMv2j73;https://s.weibo.com/weibo?q=%23%E5%BE%88%E5%96%9C%E6%AC%A2%E7%99%BB%E6%9C%BA%E5%89%8D%E7%9A%84%E5%8D%81%E5%88%86%E9%92%9F%23;https://weibo.com/u/4008912890;https://weibo.com/u/4008912890;https://weibo.com/4008912890/QEyMpguNb;https://s.weibo.com/weibo?q=%23%E7%8E%8B%E6%9A%96%E6%9A%96%E8%87%AA%E6%9B%9D%E9%95%BF%E6%9C%9F%E9%81%ADMCN%E5%85%AC%E5%8F%B8%E5%8E%8B%E6%A6%A8%23;https://weibo.com/u/4008912890;https://weibo.com/u/4008912890;https://weibo.com/4008912890/QEyMm8a4i;https://s.weibo.com/weibo?q=%23%E5%A5%94%E8%B7%91%E5%90%A7%E5%9B%9E%E5%BA%94%E6%94%B6%E8%A7%86%E7%8E%87%E4%BD%8E%23;https://weibo.com/u/4008912890;https://weibo.com/u/4008912890;https://weibo.com/4008912890/QEylw7GWB;https://s.weibo.com/weibo?q=%23%E7%8E%8B%E6%9A%96%E6%9A%96%E6%8B%8D%E6%91%84%E6%97%B6%E7%AA%81%E7%84%B6%E5%80%92%E5%9C%B0%23;https://weibo.com/u/4008912890;https://weibo.com/u/4008912890;https://weibo.com/4008912890/QEyl7EkVB;https://s.weibo.com/weibo?q=%23ChatGPT%E7%9A%84%E6%81%90%E6%80%96%E6%88%91%E5%90%8E%E7%9F%A5%E5%90%8E%E8%A7%89%23;https://weibo.com/u/4008912890;https://weibo.com/u/4008912890;https://weibo.com/4008912890/QEykkjF20;https://s.weibo.com/weibo?q=%23%E7%9A%AE%E7%9A%AE%E8%99%BE%E4%BA%8B%E4%BB%B6%E6%B8%B8%E5%AE%A2%E5%B7%B2%E5%88%A0%E9%99%A4%E6%89%80%E6%9C%89%E7%88%86%E6%96%99%E5%86%85%E5%AE%B9%23;https://weibo.com/u/4008912890;https://weibo.com/u/4008912890;https://weibo.com/4008912890/QEtatt7XT;https://s.weibo.com/weibo?q=%23%E4%BB%8A%E6%97%A5%E8%A7%82%E5%AF%9F%23","simple_visible_capture"
"2026-05-09T12:34:52.699Z","微博 – 随时随地发现新鲜事","https://www.weibo.com/","1","","#我国外贸延续良好增长态势#;#给阿嬷的情书剧组穷成这样#;#车企锁电#;#AI模型电子毒品#;#谁来为无子女老人晚年兜底#;#母亲节礼物#;#世界杯转播权#;#男子贷27万离世银行追债30万#;#今日观察#;#今日观察#;#微博上新了#;#卫生纸画唱#;#恬恬笑#","","首页 全部关注 最新微博 特别关注 好友圈 自定义分组 管理 名人明星 同事 同学 悄悄关注 内容声明 表情 图片 视频 话题 头条文章 更多 公开 发送 全部 原创 视频 超话社区 V+微博 群微博 高级搜索 公开 今日有话直说 1小时前 来自 微博网页版 1 阅读 推广 #我国外贸延续良好增长态势# 这种宏观消息，普通人最关心的其实不是一句“增长”，而是它最后会不会变成订单、岗位和收入。 外贸数据好，说明很多企业还在接单、生产、发货，背后连着工厂、物流、供应链，也连着很多人的工资条。宏观经济听起来远，但一旦落到具体生活，就是有没有活干、工资稳不稳、 ​​​ ...展开 转发 评论 赞 公开 今日有话直说 1小时前 来自 微博网页版 1 阅读 推广 #给阿嬷的情书剧组穷成这样# 观众对“穷剧组”的好感，很多时候不是因为穷，而是因为它让人看到：钱少的时候，心思到底花在哪。 有些作品预算很大，最后只剩排场；有些作品条件有限，却能让人记住一句台词、一个眼神、一个真实的细节。影视内容最怕的不是穷，是又贵又空。 当然，穷不该被浪漫化。好 ​​​ ...展开 转发 评论 赞 公开 今日有话直说 1小时前 来自 微博网页版 1 阅读 推广 #车企锁电# 这事最该讨论的，不是车企有没有技术能力，而是消费者买车之后，车企还能不能随便改你的核心体验。 新能源车当然需要电池管理，也需要安全策略。但续航、动力、充电效率这些东西，不是小功能，它们直接关系到一辆车值多少钱、好不好用、用户每天怎么开。 如果调整是为了安全，就把依据讲 ​​​ ...展开 转发 评论 赞 今日有话直说 1小时前 来自 微博网页版 4 阅读 推广 #AI模型电子毒品# 这个说法听起来重，但它提醒了一个值得警惕的变化：AI 不只会帮人提高效率，也会越来越懂得怎么留住注意力。 以前让人上头的是短视频、游戏、信息流，现在 AI 多了一层东西：它会回应你、顺着你、陪你聊，甚至让你感觉自己被理解。对成年人来说这可能是工具，对未成年人或者情绪脆弱 ​​​ ...展开 转发 评论 1 今日有话直说 1小时前 来自 微博网页版 1119 阅读 推广 #谁来为无子女老人晚年兜底# 这个问题扎心的地方在于，它不是某一类人的担忧，而是很多人迟早要面对的现实题。 过去我们默认晚年靠家庭，尤其靠子女。但现在不婚、少子、独居越来越常见，养老就不能只靠一句“以后孩子会管”。没有子女的老人需要兜底，有子女但照护缺位的老人同样需要兜底。 真正关 ​​​ ...展开 转发 评论 1 微天下 荐读 昨天 21:32 来自 微博视频号 关注 警犬在制服罪犯过程中是如何发挥作用的： 微天下的微博视频 ​ 播放视频 01:22 2.4万次观看 4 9 21 今日有话直说 母亲节礼物超话 1小时前 来自 微博网页版 174 阅读 推广 #母亲节礼物# 送礼这件事，最难的从来不是买什么，而是你到底有没有认真看见她需要什么。 很多人给妈妈买礼物，会下意识选“看起来体面”的东西：花、包、首饰、保健品。但有时候，真正让她开心的可能不是贵，而是你知道她最近腰疼、鞋旧了、手机卡了，或者只是很久没人陪她好好吃顿饭。 节日最怕变 ​​​ ...展开 转发 评论 1 今日有话直说 1小时前 来自 微博网页版 1465 阅读 推广 #世界杯转播权# 网友说“国际足联急了”，这话听着像段子，但背后其实是顶级体育 IP 的定价逻辑被重新审视了。 以前大家默认世界杯就是稀缺资源，转播权贵一点也正常。可问题是，再顶级的赛事，也不能把所有市场都当成无限提款机。价格如果高到平台算不过账，最后压力不会消失，只会转到广告、会员和观众体验上。 真正微妙的地方在于：世界杯需要中国观众，中国观众也想看世界杯，但“想看”不等于“任何价格都接受”。当一个超级赛事开始面对买方更谨慎的态度，谈判桌上的气氛自然就变了。 体育商业最怕短期把版权卖贵了，长期把路人球迷劝退了。热爱可以很贵，但入口不能贵到让人先清醒。 你觉得世界杯转播权这事，应该坚持压价、平台付费买断，还是观众少量付费观看？收起 转发 3 1 同时转发 评论 按热度 按时间 今日有话直说 :球迷不是不值钱，恰恰因为球迷值钱，才不能把他们当成一次性收割。 26-5-9 20:06 来自韩国 今日有话直说 :核心是：顶级赛事的价格，不能只看IP有多大，也要看市场还能不能消化。 26-5-9 20:06 来自韩国 河北的加菲 :争执的本质是FIFA和央视在分蛋糕，FIFA要拿走绝大多数，只给央视留一小块，央视肯定不会同意。 26-5-9 20:48 来自河北 1 今日有话直说 2小时前 来自 微博网页版 1.7万 阅读 推广 #男子贷27万离世银行追债30万# 这类新闻最容易让人情绪上头，但真正该拆开的，是债务、继承和人情之间的边界。 银行追债听起来冷冰冰，家属承受压力也是真实的。可问题不能只靠“谁更可怜”来判断。关键要看：这笔债务是否合法存在、有没有担保、遗产如何处理、家属是否需要在法律范围内承担责任。 ​​​ ...展开 转发 评论 2 今日有话直说 2小时前 来自 微博网页版 46 阅读 推广 #今日观察# 很多人家里最守时的不是闹钟，是宠物的饭点。 人类加班可以忘了吃饭，忙起来可以随便糊弄一口，但宠物不会。时间一到，它们就会用眼神提醒你：别装了，今天这个家还有正事没办。 这也是养宠物很有意思的地方。你以为你在照顾它，结果它反过来帮你把生活节奏拽回来一点。该回家回家，该吃 ​​​ ...展开 转发 评论 1 今日有话直说 2小时前 来自 微博网页版 11 阅读 推广 #今日观察# 下班回家最治愈的瞬间，可能不是躺下，而是门一开，有个小家伙像等了你一整天。 人类白天在外面装得很稳定，开会、赶路、回消息、假装情绪良好。回到家看到宠物那一秒，才突然想起来：哦，原来我今天也挺累的。 宠物最神奇的地方是，它不解决你的问题，但它让你短暂不用解释问题。它不问 ​​​ ...展开 转发 评论 1 恬恬笑爱唱歌 推荐 昨天 10:57 来自 周深超话 关注 这首深深的歌百听不厌#微博上新了##卫生纸画唱##恬恬笑#周深超话 @周深 恬恬笑爱唱歌的微博视频 ​ 播放视频 01:18 2.3万次观看 2 评论 6 就是赵老哥 2小时前 来自 iPhone 16 Pro Max 关注 造得出机床，造不好“母机”？中国制造业的“屠龙刀”，到底缺了哪一锻？ 当新能源汽车的齿轮高速转动，当航空发动机的叶片精密成型，当人形机器人的关节精准咬合，这些“国之重器”的背后，都藏着一把名为“工业母机”的“屠龙刀”。但这把刀，我们始终差着“最后一锻”。 工业母机，说白了就是“ ​​​ ...展开 5 1 23","https://www.weibo.com/;https://www.weibo.com/;https://www.weibo.com/hot;https://www.weibo.com/tv;https://www.weibo.com/at/weibo;https://www.weibo.com/u/4008912890;https://www.weibo.com/;https://www.weibo.com/mygroups?gid=110004008912890;https://www.weibo.com/mygroups?gid=5260773091182362;https://www.weibo.com/mygroups?gid=100094008912890;https://www.weibo.com/mygroups?gid=5260773091182365;https://www.weibo.com/mygroups?gid=5260773091182366;https://www.weibo.com/mygroups?gid=5260773091182367;https://www.weibo.com/mygroups?gid=100054008912890;https://weibo.com/u/4008912890;https://weibo.com/u/4008912890;https://weibo.com/4008912890/QEAPLeQA2;https://s.weibo.com/weibo?q=%23%E6%88%91%E5%9B%BD%E5%A4%96%E8%B4%B8%E5%BB%B6%E7%BB%AD%E8%89%AF%E5%A5%BD%E5%A2%9E%E9%95%BF%E6%80%81%E5%8A%BF%23;https://weibo.com/u/4008912890;https://weibo.com/u/4008912890;https://weibo.com/4008912890/QEAPIwUK9;https://s.weibo.com/weibo?q=%23%E7%BB%99%E9%98%BF%E5%AC%B7%E7%9A%84%E6%83%85%E4%B9%A6%E5%89%A7%E7%BB%84%E7%A9%B7%E6%88%90%E8%BF%99%E6%A0%B7%23;https://weibo.com/u/4008912890;https://weibo.com/u/4008912890;https://weibo.com/4008912890/QEAPGfEwr;https://s.weibo.com/weibo?q=%23%E8%BD%A6%E4%BC%81%E9%94%81%E7%94%B5%23;https://weibo.com/u/4008912890;https://weibo.com/u/4008912890;https://weibo.com/4008912890/QEAEDAbdt;https://s.weibo.com/weibo?q=%23AI%E6%A8%A1%E5%9E%8B%E7%94%B5%E5%AD%90%E6%AF%92%E5%93%81%23;https://weibo.com/u/4008912890;https://weibo.com/u/4008912890;https://weibo.com/4008912890/QEAEBrI5w;https://s.weibo.com/weibo?q=%23%E8%B0%81%E6%9D%A5%E4%B8%BA%E6%97%A0%E5%AD%90%E5%A5%B3%E8%80%81%E4%BA%BA%E6%99%9A%E5%B9%B4%E5%85%9C%E5%BA%95%23;https://weibo.com/u/1893801487;https://weibo.com/u/1893801487;https://weibo.com/1893801487/QErNrrQNo;https://video.weibo.com/show?fid=1034:5296399487795301&mark_id=3_reallog_mark_ad%3A8%7C3_1778326146641917445608000034825408&mark=3_reallog_mark_ad%3A8%7C3_1778326146641917445608000034825408;https://weibo.com/u/4008912890;https://www.weibo.com/;https://weibo.com/p/10080801dd8fd048bcada6407dd2e31c1cd506;https://weibo.com/4008912890/QEAExf9DA;https://s.weibo.com/weibo?q=%23%E6%AF%8D%E4%BA%B2%E8%8A%82%E7%A4%BC%E7%89%A9%23;https://weibo.com/u/4008912890;https://weibo.com/u/4008912890;https://weibo.com/4008912890/QEAEGnCch;https://s.weibo.com/weibo?q=%23%E4%B8%96%E7%95%8C%E6%9D%AF%E8%BD%AC%E6%92%AD%E6%9D%83%23;https://www.weibo.com/u/4008912890;https://www.weibo.com/u/4008912890;https://weibo.com/u/4008912890;https://www.weibo.com/u/4008912890;https://www.weibo.com/u/4008912890;https://weibo.com/u/4008912890;https://www.weibo.com/u/6548689075;https://www.weibo.com/u/6548689075;https://weibo.com/u/4008912890;https://weibo.com/u/4008912890;https://weibo.com/4008912890/QEAsYESao;https://s.weibo.com/weibo?q=%23%E7%94%B7%E5%AD%90%E8%B4%B727%E4%B8%87%E7%A6%BB%E4%B8%96%E9%93%B6%E8%A1%8C%E8%BF%BD%E5%80%BA30%E4%B8%87%23;https://weibo.com/u/4008912890;https://weibo.com/u/4008912890;https://weibo.com/4008912890/QEAuQ4wrR;https://s.weibo.com/weibo?q=%23%E4%BB%8A%E6%97%A5%E8%A7%82%E5%AF%9F%23;https://weibo.com/u/4008912890;https://weibo.com/u/4008912890;https://weibo.com/4008912890/QEAuLz24l;https://s.weibo.com/weibo?q=%23%E4%BB%8A%E6%97%A5%E8%A7%82%E5%AF%9F%23;https://weibo.com/u/9064590484;https://weibo.com/u/9064590484;https://weibo.com/9064590484/QEnDxbspW;https://s.weibo.com/weibo?q=%23%E5%BE%AE%E5%8D%9A%E4%B8%8A%E6%96%B0%E4%BA%86%23;https://s.weibo.com/weibo?q=%23%E5%8D%AB%E7%94%9F%E7%BA%B8%E7%94%BB%E5%94%B1%23;https://s.weibo.com/weibo?q=%23%E6%81%AC%E6%81%AC%E7%AC%91%23;https://weibo.com/p/100808cbec86fbcc1c453633f835c10c9db0ee;https://www.weibo.com/n/%E5%91%A8%E6%B7%B1;https://video.weibo.com/show?fid=1034:5296239453863944&mark_id=8_reallog_mark_ad%3A8%7C8_1778326146641917445608000034844992&mark=8_reallog_mark_ad%3A8%7C8_1778326146641917445608000034844992;https://weibo.com/u/3508700764;https://weibo.com/u/3508700764;https://weibo.com/3508700764/QEApOAfVl","simple_visible_capture"
